id,supplier_ext_id,name,logo_url,url,load_id,source_created
1,38,Apira,,https://apira.co.uk/home/about-us/,99,2021-09-16
2,62,Bain & Co,,https://www.bain.com/,99,2021-09-16
3,134,Channel 3 Consulting,,https://channel3consulting.co.uk/,99,2021-09-16
4,180,Dakota,,https://dakotais.co.uk/,99,2021-09-16
5,200,Digital Health and Care Wales,,https://dhcw.nhs.wales/,99,2021-09-16
6,218,Eido,,https://www.eidohealthcare.com/,99,2021-09-16
7,234,Ernst & Young,,https://www.ey.com/en_uk,99,2021-09-16
8,286,Hands Free Computing,,https://www.hands-free.co.uk/,99,2021-09-16
9,287,Harris Computer,,https://www.harriscomputer.com/,99,2021-09-16
10,293,Healthcare Clinical Informatics,,https://www.thehcigroup.com/,99,2021-09-16
11,336,Imprivata,,https://www.imprivata.co.uk/,99,2021-09-16
12,385,LEK,,https://www.lek.com/,99,2021-09-16
13,409,McKinsey,,https://www.mckinsey.com/,99,2021-09-16
14,507,OKS Group,,https://www.oksgroup.com/oks-solutions/healthcare-solutions/medical-transcription,99,2021-09-16
15,520,PA Consulting,,https://www.paconsulting.com/,99,2021-09-16
16,551,PWC,,https://www.pwc.co.uk/,99,2021-09-16
17,590,Scandit,,https://www.scandit.com/,99,2021-09-16
18,626,Speak IT,,speakit.co.uk,99,2021-09-16
19,713,Visiba Care,,https://www.visibacare.com/en-gb/,2515,2022-07-01
20,720,Vocera,,https://www.vocera.com/,99,2021-09-16
21,1793,Servelec,,https://www.servelec.co.uk/,99,2021-07-02
22,1794,Mayden,,https://mayden.co.uk/,99,2021-07-02
23,1797,BigHand,BigHand.jpg,https://www.bighand.com/en-gb/,99,2021-07-02
24,1798,Allocate Software,allocate-crop.jpg,https://www.allocatesoftware.com/,99,2021-07-02
25,1799,Civica,Civica.jpg,https://www.civica.com/en-gb/,3360,2022-10-19
26,1800,NHS Shared Business Services (NHSSBS),,https://www.sbs.nhs.uk/,99,2021-07-02
27,1801,Microsoft,microsoft-crop.jpg,www.microsoft.co.uk/health,99,2021-07-02
28,1802,NDL,NDL-logo-crop.jpg,www.ndl.co.uk,99,2021-07-02
29,1804,NHS Wales Informatics Service,NHS Wales Information Service.jpg,www.wales.nhs.uk/nwis,99,2021-07-02
30,1805,Diagonal,,,99,2021-07-02
31,1806,In-house,,,332,2021-08-19
32,1807,Fujifilm,fuji_crop.jpg,https://www.fujifilm.eu/uk/products/medical-systems/,99,2021-07-02
33,1808,InterSystems,Intersystems.jpg,www.intersystems.com,1292,2022-01-24
34,1809,Dedalus,,https://www.dedalus.eu/en/,452,2021-10-06
35,1810,Qlik,,https://www.qlik.com/us/solutions/industries/healthcare-analytics,99,2021-07-02
36,1811,Capita IB Solutions,,https://www.capita-ibs.co.uk/,99,2021-07-02
37,1812,Patients Know Best,,https://patientsknowbest.com/,99,2021-07-02
38,1813,Orion Health,orion-logo_2016.png,www.orionhealth.com,1739,2022-03-21
39,1814,Philips,Philips-crop.jpg,www.philips.co.uk,99,2021-07-02
40,1815,First Databank,fdb.jpg,https://www.fdbhealth.co.uk/,99,2021-07-02
41,1816,System C,,https://www.systemc.com/,99,2021-07-02
42,1817,Carestream Health,Carestream.JPG,https://www.carestream.com/en/gb/medical,99,2021-07-02
43,1818,Clinisys,Clinisys logo.jpg,www.Clinisys.com,3456,2022-10-31
44,1819,DICT8,Dict8.jpg,https://www.dict8.com/,99,2021-07-02
45,1820,CCube Solutions,ccube solutions.jpg,https://www.ccubesolutions.com/,99,2021-07-02
46,1821,Telstra Health,,https://telstrahealth.co.uk/,999,2021-12-15
47,1822,Wellbeing Software,,https://www.wellbeingsoftware.com/,99,2021-07-02
48,1823,Oracle,Oracle.jpg,www.oracle.com,99,2021-07-02
49,1824,Sunquest,Sunquest.jpg,www.sunquestinfo.com,99,2021-07-02
50,1825,ArjoHuntleigh,Arjo Huntleigh.jpg,https://www.arjo.com/int/,99,2021-07-02
51,1826,Chameleon Information Management Services,,,99,2021-07-02
52,1827,Trisoft,logo_trisoft_crop.jpg,www.trisofthealth.co.uk,681,2021-11-04
53,1828,TPP,TPP.jpg,www.tpp-uk.com,99,2021-07-02
54,1829,Spacelabs Healthcare,Spacelabs Healthcare.jpg,www.spacelabshealthcare.com,99,2021-07-02
55,1830,Agfa,,https://www.agfa.com/corporate/,999,2021-12-15
56,1831,EMIS Health,,https://www.emishealth.com/,99,2021-07-02
57,1832,Leeds Teaching Hospitals NHS Trust,Leeds Teaching Hospital NHS Foundation Trust.jpg,https://www.leedsth.nhs.uk/,99,2021-07-02
58,1833,HD Clinical,HD-Clinical-LOGO.jpg,https://www.hd-clinical.com/,99,2021-07-02
59,1834,IQVIA,,https://www.iqvia.com/,99,2021-07-02
60,1835,MEDITECH,Meditech.jpg,www.meditech.com,99,2021-07-02
61,1836,IBM,,www.ibm.com,99,2021-07-02
62,1837,Haemonetics,haemonetics-co-logo.jpg,http://www.haemonetics.com/en,99,2021-07-02
63,1838,CoAcS,CoAcS.jpg,http://www.coacs.com/,99,2021-07-02
64,1839,Medisec Software,,https://www.medisecsoftware.co.uk/,1739,2022-03-21
65,1841,Summit Healthcare,,https://www.summit-healthcare.com/,99,2021-07-02
66,1842,Somerset HIS,Sommerset-HIS---erpho.jpg,https://www.somersetscr.nhs.uk/,99,2021-07-02
67,1843,CIS Oncology,,https://www.cis-healthcare.com/,99,2021-07-02
68,1846,G2 Speech UK,image043.gif,https://www.g2speech.com/,99,2021-07-02
69,1847,Kainos,Kainos.jpg,www.kainos.com,99,2021-07-02
70,1848,Clevermed,Clevermed.jpg,https://www.clevermed.com/,452,2021-10-06
71,1849,Bluespier,,https://www.bluespier.com/,99,2021-07-02
72,1850,Dictate IT,Dictate IT.jpg,https://www.dictate.it/frontend/,99,2021-07-02
73,1851,PCTI Solutions,,https://www.oneadvanced.com/solutions/document-management/docman/,99,2021-07-02
74,1852,Varian Medical Systems,,www.varian.com,99,2021-07-02
75,1853,Ulysses,Ulysses.jpg,www.ulysses.co.uk,99,2021-07-02
76,1854,University of York,,https://www.york.ac.uk/,99,2021-07-02
77,1855,NDEC,,https://www.ndec.org.uk/,99,2021-07-02
78,1856,Cyber Media Solutions,,https://www.cyber-media.co.uk/,99,2021-07-02
79,1857,Halo,footwork.jpg,https://www.halosystem.co.uk/,99,2021-07-02
80,1858,ILLY Systems,Illy Systems.jpg,www.illycorp.com,99,2021-07-02
81,1859,Neoteric UK,,,99,2021-07-02
82,1860,GE Healthcare,GE Healthcare.jpg,https://www.gehealthcare.com/,99,2021-07-02
83,1861,Sectra,sectra.jpg,http://www.sectra.com/medical/,99,2021-07-02
84,1862,Soliton IT,soliton-crop.jpg,www.solitonit.com,99,2021-07-02
85,1864,Fordman Systems,,https://www.fordman.co.uk/contact.htm,99,2021-07-02
86,1865,CACI,CACI.jpg,https://www.caci.co.uk/,99,2021-07-02
87,1866,Voice Technologies,voicetech_crop.jpg,www.voicetechnologies.co.uk,99,2021-07-02
88,1867,Cerner,Cerner.jpg,https://www.cerner.com/,99,2021-07-02
89,1868,Olympus,Olympus.jpg,www.olympus.co.uk/voice,99,2021-07-02
90,1869,Dendrite Clinical Systems,Dendrite.jpg,http://www.e-dendrite.com/,99,2021-07-02
91,1870,Mela Solutions,Mela-Solutions.jpg,www.mela.co.uk,99,2021-07-02
92,1871,Great Ormond Street Foundation Trust (GOSH),,https://www.gosh.nhs.uk/,99,2021-07-02
93,1872,Change Healthcare,,https://www.changehealthcare.com/,99,2021-07-02
94,1873,Adobe,Adobe.jpg,https://www.adobe.com/,99,2021-07-02
95,1874,Insignia Medical Systems,Insignia Medical Systems.jpg,www.insigniamedical.co.uk,99,2021-07-02
96,1875,Technidata,Technidata.jpg,www.technidata-web.com,99,2021-07-02
97,1876,Fortrus,Fortrus-crop.jpg,https://www.fortrus.com/,99,2021-07-02
98,1877,Kronos,,https://www.kronos.co.uk/,99,2021-07-02
99,1878,Visbion,Visbion.jpg,www.visbion.com,99,2021-07-02
100,1879,Hospedia,,https://www.hospedia.com/,99,2021-07-02
101,1880,iMDSoft,iMDsoft.jpg,https://www.imd-soft.com/,99,2021-07-02
102,1881,Netcall,netcall-crop.jpg,www.netcall.com,999,2021-12-15
103,1882,SAP,SAP.jpg,www.sap.com,999,2021-12-15
104,1883,BSO,HSC-Business-Services-Organ.jpg,http://www.hscbusiness.hscni.net/,99,2021-07-02
105,1884,Northern Ireland Electronic Care Record (NIECR),,http://www.ehealthandcare.hscni.net/niecr/niecr.aspx,99,2021-07-02
106,1885,HSCNI,,https://jobs.hscni.net/,99,2021-07-02
107,1886,Newgate Technology,Newgate Technology.jpg,www.newgatetechnology.co.uk,999,2021-12-15
108,1887,Infor,Infor.jpg,www.infor.co.uk,99,2021-07-02
109,1888,CANCOM,,https://cancom.co.uk/,99,2021-07-02
110,1889,Salesforce,,https://www.salesforce.com/uk/,99,2021-07-02
111,1890,Datix,datix-crop.jpg,https://rldatix.com/en-nam,99,2021-07-02
112,1891,Graphnet Health,Graphnet.jpg,https://www.graphnethealth.com/,99,2021-07-02
113,1892,Nuance Communications UK,,https://www.nuance.com/en-gb/index.html,99,2021-07-02
114,1893,EPRO,,https://www.epro.com/,99,2021-07-02
115,1894,ZyLAB,Zylab.jpg,www.zylab.com,99,2021-07-02
116,1896,West Clinical Portal,,,99,2021-07-02
117,1898,QFI Consulting,,http://www.qficonsulting.com,99,2021-07-02
118,1899,Scribetech,,https://www.scribetech.co.uk/,99,2021-07-02
119,1900,Iron Mountain,,https://www.ironmountain.co.uk/,99,2021-07-02
120,1901,Insource,insource-crop.jpg,www.insource.co.uk,99,2021-07-02
121,1902,Mirth,Mirth.jpg,www.mirthcorp.com,99,2021-07-02
122,1903,CostFlex Systems,,https://www.costflex.com/,99,2021-07-02
123,1904,Msoft,msoft.jpg,www.msoft.co.uk,999,2021-12-15
124,1905,Heartsuite,Heartsuite.jpg,http://www.heartsuite.com/,99,2021-07-02
125,1906,Ideagen,,https://www.ideagen.com/,99,2021-07-02
126,1907,OpenText,,https://www.opentext.com/products-and-solutions/industries/healthcare,99,2021-07-02
127,1908,K2 Medical Systems,K2_crop.jpg,www.k2ms.com,99,2021-07-02
128,1910,OneAdvanced,,https://www.oneadvanced.com/,12222,2025-09-25
129,1911,CORE IMS,,https://www.coreims.co.uk/,99,2021-07-02
130,1912,Nextgen Healthcare,,https://www.nextgen.com/,99,2021-07-02
131,1913,IMS Maxims,imsMaximsLogo.jpg,www.imsmaxims.com,99,2021-07-02
132,1914,Critical Care Audit,,,99,2021-07-02
133,1915,Lancashire and South Cumbria STP,,https://www.healthierlsc.co.uk/,99,2021-07-02
134,1916,Drager,,https://www.draeger.com/en_uk/Home,681,2021-11-04
135,1917,Trustmarque,TrustMarque Solutions.jpg,www.trustmarque.com,99,2021-07-02
136,1918,NHS Connecting for Health,,,99,2021-07-02
137,1919,CHIS,,,99,2021-07-02
138,1920,Canon UK,Canon.jpg,https://www.canon-europe.com/,99,2021-07-02
139,1921,ePEX,,,99,2021-07-02
140,1922,Autofate,,,99,2021-07-02
141,1923,BridgeHead Software,BridgeHead-Logo.jpg,https://www.bridgeheadsoftware.com/,99,2021-07-02
142,1924,VoicePower,,https://voicepower.co.uk/about/,99,2021-07-02
143,1925,Greater Manchester and Cheshire &amp; Merseyside,,,99,2021-07-02
144,1926,Idox Health,,https://www.idoxgroup.com/,99,2021-07-02
145,1927,Elekta,Elekta.jpg,https://www.elekta.com/,99,2021-07-02
146,1928,Oncology Systems Limited,,https://osl.uk.com/,99,2021-07-02
147,1929,Alert Life Sciences Computing,,https://www.alert-online.com/,522,2021-10-15
148,1930,Belvan Business Intelligence Solutions,,,99,2021-07-02
149,1931,3M,3m.jpg,https://www.3m.co.uk/3M/en_GB/company-uk/,99,2021-07-02
150,1932,DScribe,DScribe.jpg,https://www.dscribe.co.uk/,99,2021-07-02
151,1933,Bellis-Jones Hill,,https://logex.com/uk/,99,2021-07-02
152,1934,North East Patches,,http://www.nepssg.nhs.uk/,99,2021-07-02
153,1935,Nervecentre Software,nervecentre-crop.jpg,www.nervecentresoftware.com,99,2021-07-02
154,1936,Epic,epic.jpg,https://www.epic.com/,99,2021-07-02
155,1938,Peterborough and Stamford Hospitals NHS Foundation Trust,,https://www.nwangliaft.nhs.uk/,99,2021-07-02
156,1939,GHG Software Developments,GHG-Software-Developments.jpg,http://www.talkingpoint.uk.com/,99,2021-07-02
157,1940,University College Hospital,,https://www.uclh.nhs.uk/,99,2021-07-02
158,1941,North Bristol NHS Trust,,https://www.nbt.nhs.uk/,99,2021-07-02
159,1942,RioMed,,http://www.riomed.com,99,2021-07-02
160,1943,Concentra,,https://www.concentra.co.uk/,99,2021-07-02
161,1944,Acubase,,http://www.acubase.co.uk/,99,2021-07-02
162,1945,Picis,picis2.gif,www.picis.com,99,2021-07-02
163,1946,ThinkVitals,,http://www.thinkvitals.com/,99,2021-07-02
164,1947,Medgate,,https://www.medgate.ch/de-ch/Default.aspx,99,2021-07-02
165,1948,Computacenter,Computacenter_logo.jpg,https://www.computacenter.com/uk,99,2021-07-02
166,1950,Method Analytics,,https://www.methodsanalytics.co.uk/,99,2021-07-02
167,1951,iNTERFACEWARE,Interfaceware.jpg,www.interfaceware.com,99,2021-07-02
168,1952,NHS Digital,,https://digital.nhs.uk/,99,2021-07-02
169,1953,LOGEX Healthcare Analytics,ProDacapo.jpg,https://logex.com/uk/,99,2021-07-02
170,1954,Hearst,,https://www.hearst.co.uk/,99,2021-07-02
171,1955,Healthcare Gateway,,https://healthcaregateway.co.uk/,99,2021-07-02
172,1956,Blue Prism,blueprism.jpg,https://www.blueprism.com/,999,2021-12-15
173,1957,C2-Ai,,https://c2-ai.net/,99,2021-07-02
174,1958,Connexica,Connexica.jpg,https://www.connexica.com/,99,2021-07-02
175,1959,Crescendo Systems,Crescendo-Systems-logo_crop.jpg,https://www.crescendosystems.co.uk/,99,2021-07-02
176,1960,Cloverleaf,,,99,2021-07-02
177,1961,Aston University,,https://www.aston.ac.uk/,99,2021-07-02
178,1962,Strata Health,strata-health-crop.jpg,www.stratahealth.co.uk,99,2021-07-02
179,1964,Zimmoly Informatics Services,,,99,2021-07-02
180,1965,Maidstone and Tunbridge Wells NHS Trust,,https://www.mtw.nhs.uk/,99,2021-07-02
181,1966,Vanad Group,,https://www.vanadgroup.com/#our-companies,99,2021-07-02
182,1967,Lexacom,lexacom.jpg,www.lexacom.co.uk,99,2021-07-02
183,1968,Intouch with Health,intouchwithhealth.jpg,www.intouchwithhealth.co.uk,99,2021-07-02
184,1969,MicroStrategy,MicroStrategy_crop.jpg,www.microstrategy.co.uk,99,2021-07-02
185,1970,Cora Systems,cora-systems.jpg,https://corasystems.com/,99,2021-07-02
186,1972,Integrated software solutions,Integrated Software Solutions.jpg,www.intsoftsol.com,99,2021-07-02
187,1973,Delft DI,,https://www.delftdi.com/,99,2021-07-02
188,1974,Silverlink Software,,https://silverlinksoftware.com/,1292,2022-01-24
189,1975,ICNARC,,https://www.icnarc.org/,99,2021-07-02
190,1976,Hugh Symons Information Management,,https://www.scanning-document.co.uk/,99,2021-07-02
191,1977,Independent Systems Integrators,,https://www.independentsi.co.uk/,99,2021-07-02
192,1978,Phoenix,,https://www.phoenixs.co.uk/,99,2021-07-02
193,1980,Stalis,stalis.jpg,www.stalis.com,99,2021-07-02
194,1981,Healthcost,HealthCost.jpg,https://www.iqvia.com/locations/united-kingdom/solutions/nhs-solutions,99,2021-07-02
195,1982,Bedford Computers,,,99,2021-07-02
196,1983,SORCE,Sorce.jpg,www.sorce.co.uk,99,2021-07-02
197,1984,Delian Systems,Delian.jpg,http://www.deliansystems.co.uk/index.aspx,99,2021-07-02
198,1985,Best Served Cold,,https://bestservedcold.com/,99,2021-07-02
199,1986,The Renal Association,,https://www.linkedin.com/company/therenal-association/,99,2021-07-02
200,1987,Kent and Medway Health Informatics Service,KMHIS.jpg,www.kmhis.nhs.uk,99,2021-07-02
201,1989,Abbott,,https://www.abbott.com/,522,2021-10-15
202,1990,Teleologic,Teleologic.jpg,www.teleologic.co.uk,99,2021-07-02
203,1991,Siemens,,http://siemens-healthineers.com,99,2021-07-02
204,1992,Caradigm,Caradigm_crop.jpg,,99,2021-07-02
205,1993,EDM,edm.jpg,https://www.edmgroup.com/,99,2021-07-02
206,1994,Orion Practice Management Systems,,https://orionpms.org.uk/,99,2021-07-02
207,1995,Cambio Healthcare Systems,,https://www.cambiogroup.com/,99,2021-07-02
208,1996,MedeAnalytics,MedeAnalytics.jpg,www.medeanalytics.co.uk,99,2021-07-02
209,1997,InPhase,InPhase.jpg,www.inphase.com,99,2021-07-02
210,1998,Sollis,,https://www.sollis.co.uk/,99,2021-07-02
211,1999,Beautiful Information,,http://beautifulinformation.org/,99,2021-07-02
212,2000,CCS Media,,https://www.ccsmedia.com/,99,2021-07-02
213,2001,Tiani,,https://www.tiani-spirit.com/,99,2021-07-02
214,2002,IPC Group,,https://www.ipc.com/,99,2021-07-02
215,2003,Storm ID,,https://www.linkedin.com/company/storm-id/,99,2021-07-02
216,2005,DrDoctor,,https://www.drdoctor.co.uk/,99,2021-07-02
217,2006,Boston Scientific,,https://www.bostonscientific.com/en-EU/home.html,99,2021-07-02
218,2007,Medtronic,,https://www.medtronic.com/uk-en/index.html,99,2021-07-02
219,2008,Integris,,http://www.integris.co.uk/splashpage.aspx,99,2021-07-02
220,2009,Cirdan,,https://www.cirdan.com/,99,2021-07-02
221,2014,Reality Consulting,Reality Consulting.jpg,www.reality-consulting.co.uk,99,2021-07-02
222,2015,Magic Software Enterprises,,https://www.magicsoftware.com/,99,2021-07-02
223,2017,Aspyra,Aspyra.jpg,https://aspyra.com/,99,2021-07-02
224,2019,Usable Systems,Uusable Systems.jpg,www.usablesystems.co.uk,99,2021-07-02
225,2020,Albatross Financial Solutions,,,99,2021-07-02
226,2021,Genisys Consulting,,https://genisys-group.com/,99,2021-07-02
227,2023,Qmatic,qmatic-crop.jpg,www.qmatic.com/uk,99,2021-07-02
228,2024,BD,,https://www.bd.com/en-uk,99,2021-07-02
229,2025,SMART,Smart_crop.jpg,www.smart-rostering.co.uk,99,2021-07-02
230,2026,Hitec Laboratories,Hitec_logo.jpg,https://mitratech.com/,99,2021-07-02
231,2027,ReStart Consulting,restart-consulting.jpg,www.restartconsulting.com,5931,2023-08-31
232,2028,Strategy Companion,Strategy-Companion.jpg,www.strategycompanion.com,99,2021-07-02
233,2029,Maldaba,,https://maximaconsulting.com/industries/healthcare,99,2021-07-02
234,2030,Clinical Network Systems,,https://www.clinicalnetworksystems.com/,99,2021-07-02
235,2031,ProSolv,,https://www.jrspharma.com/pharma_en/products-services/excipients/hfe/prosolv-smcc.php,99,2021-07-02
236,2032,AxSys Technology,AxSys.jpg,http://www.axsys.co.uk/,99,2021-07-02
237,2033,Chimera,,,99,2021-07-02
238,2034,CGI,CGI-crop.jpg,https://www.cgi.com/en/healthcare,99,2021-07-02
239,2035,Medica Group,medica-group.jpg,www.medicagroup.co.uk,99,2021-07-02
240,2036,IMMJ Systems,,https://www.immjsystems.com/,99,2021-07-02
241,2037,Health and Social Care Information Centre,,https://digital.nhs.uk/,99,2021-07-02
242,2038,PatientSource,,https://patientsource.co.uk/,99,2021-07-02
243,2040,Cloud2,,https://cloud2.co.uk/,99,2021-07-02
244,2041,Qualisys,,www.qualisys.com,99,2021-07-02
245,2042,Digital.ai,Version One.jpg,https://digital.ai/,99,2021-07-02
246,2043,Bottomline Technologies,Bottomline Technologies.jpg,https://www.bottomline.com/uk,99,2021-07-02
247,2044,Apache ServiceMix,,https://servicemix.apache.org/,99,2021-07-02
248,2045,Neova Health,,https://neovahealth.co.uk/,99,2021-07-02
249,2046,PowerHealth Solutions,,https://www.powerhealthsolutions.com/,99,2021-07-02
250,2047,MDI Cloud,,,99,2021-07-02
251,2048,Novacor UK,Novacor.jpg,www.novacor.co.uk,99,2021-07-02
252,2049,Else Software Services,,,99,2021-07-02
253,2050,SynApps,,https://www.synapps-solutions.com/about-us,99,2021-07-02
254,2051,Software of Excellence,Software of Excellence.jpg,www.soeidental.com,99,2021-07-02
255,2052,Quadramed,Quadramed.jpg,www.quadramed.com,99,2021-07-02
256,2053,SCC,,https://www.scc.com/healthcare/,99,2021-07-02
257,2054,RIXG,,https://www.patientview.org/#/,999,2021-12-15
258,2057,North 51,,https://www.bionical.com/home,99,2021-07-02
259,2058,Magnus Medical Software,Magnus Medical Software.jpg,https://magnushealth.com/,99,2021-07-02
260,2059,Symbiosis,,https://www.symbiosis.co.uk/,99,2021-07-02
261,2060,Leicestershire Health Informatics Service,,https://www.leics-his.nhs.uk/,99,2021-07-02
262,2061,University of Wales,,https://www.wales.ac.uk/en/Home.aspx,99,2021-07-02
263,2062,Unify,,https://unify.com/en/,99,2021-07-02
264,2063,Integra,Integra.jpg,www.integralife.com,99,2021-07-02
265,2064,Northern Lincolnshire and Goole NHS Foundation Trust,,https://www.nlg.nhs.uk/,99,2021-07-02
266,2065,East Midlands radiology service,,https://www.emrad.nhs.uk/,99,2021-07-02
267,2066,NHS England,,https://www.england.nhs.uk/,99,2021-07-02
268,2067,Royal Liverpool and Broadgreen University Hospitals NHS Trust,,https://www.rlbuht.nhs.uk/,99,2021-07-02
269,2068,Hyland,,https://www.hyland.com/en-GB,99,2021-07-02
270,2069,Clikhealth,,http://clikhealthsolutions.co.uk/,99,2021-07-02
271,2070,Eurofree,,,99,2021-07-02
272,2071,ehealth innovations,,https://ehealthinnovation.org/,99,2021-07-02
273,2072,Hicom,,https://www.hicom.co.uk/,99,2021-07-02
274,2073,Greater Manchester CSU,,https://www.gmsharedservices.nhs.uk/,99,2021-07-02
275,2074,3E Europe Ltd,3 E Europe.jpg,https://3e.co.uk/pub/,99,2021-07-02
276,2075,HISBI Data Warehousing,,,99,2021-07-02
277,2076,Bankside,,,99,2021-07-02
278,2077,Ssentif,,,99,2021-07-02
279,2078,Sopra Steria,,http://www.soprasteria.com,99,2021-07-02
280,2079,Chemocare,,http://chemocare.com/,99,2021-07-02
281,2080,Blithe,,,99,2021-07-02
282,2083,QES,,https://www.qes-online.co.uk/,99,2021-07-02
283,2084,Finapres Medical Systems,Finapres Medical Systems.jpg,https://www.finapres.com/,99,2021-07-02
284,2085,Toshiba,Toshiba.jpg,www.toshiba.co.uk,99,2021-07-02
285,2086,Cedar,,,99,2021-07-02
286,2087,Atos,Atos.jpg,https://atos.net/en-gb/united-kingdom,999,2021-12-15
287,2088,Microtech,microtech.jpg,www.microtech.com,99,2021-07-02
288,2089,RotaMaster,,https://www.rotamaster.co.uk/,99,2021-07-02
289,2090,Nugensis,,https://www.nugensis.co.uk/,99,2021-07-02
290,2091,Cambric Systems,Cambric-crop.jpg,https://www.cambric.co.uk/,99,2021-07-02
291,2092,Auditdata,,https://www.auditdata.com/,99,2021-07-02
292,2093,NSS,NSS (National Services Scotland).jpg,www.nhsnss.org,99,2021-07-02
293,2094,Optima Medical,Optima Medical.jpg,www.neurophys.co.uk,99,2021-07-02
294,2095,Unisoft Medical Systems,Unisoft Medical Systems.jpg,https://www.unisoftmedical.com/,99,2021-07-02
295,2096,Abertay University,,https://www.abertay.ac.uk/,999,2021-12-15
296,2097,NHS Tayside,NHS Tayside.jpg,www.nhstayside.scot.nhs.uk,99,2021-07-02
297,2098,Ethitec,Ethitec.jpg,https://www.ethitec.com/,99,2021-07-02
298,2099,The Solution Works,The Solution Works.jpg,www.solutionworks.co.uk,99,2021-07-02
299,2100,National Health Services Scotland (NHSS),,https://nhsnss.org/,99,2021-07-02
300,2101,Agilent,,https://www.agilent.com/,99,2021-07-02
301,2102,NHS National Service Scotland,,https://nhsnss.org/,99,2021-07-02
302,2103,Genisys Technology,Genisys Technology.jpg,http://www.genisystechnology.co.uk/,99,2021-07-02
303,2104,INPS,INPS.jpg,www.inps4.co.uk,99,2021-07-02
304,2105,Renal Information Exchange Group,,https://www.thinkkidneys.nhs.uk/ckd/useful-links/renal-information-exchange-group/,99,2021-07-02
305,2106,Biogene,,https://www.biogene.com/,99,2021-07-02
306,2107,X-Lab,,https://www.x-labsystems.co.uk/,99,2021-07-02
307,2108,LRS Health,LRS Health.jpg,www.lrshealth.com.au,99,2021-07-02
308,2109,Dacoll,Dacoll.jpg,https://dacollgroup.co.uk/,99,2021-07-02
309,2110,e-docs UK,,https://www.edocuments.co.uk/,99,2021-07-02
310,2111,NorthgateArinso,,https://www.ngahr.com/our-story,99,2021-07-02
311,2112,NHS Grampian,NHS Grampian.jpg,www.nhsgrampian.org,99,2021-07-02
312,2113,SCI,,,99,2021-07-02
313,2114,Scottish Government,Scottish Government.jpg,home.scotland.gov.uk,99,2021-07-02
314,2115,Maxima Solutions,,https://maximasolutions.co.in/,99,2021-07-02
315,2116,inFlow,InFlow.jpg,www.inflowinventory.com,99,2021-07-02
316,2117,Tribal Group,,https://www.tribalgroup.com/,99,2021-07-02
317,2118,Sword Group,,https://www.sword-group.com/,99,2021-07-02
318,2119,Specialist Computer Services,,,99,2021-07-02
319,2122,Excalibur Systems,,http://www.excalibursystems.com/,99,2021-07-02
320,2123,Various,,,99,2021-07-02
321,2124,WASP,,http://www.waspsoftware.co.uk/,99,2021-07-02
322,2125,Timeware Software,,https://www.timeware.co.uk/,99,2021-07-02
323,2126,LloydsPharmacy,,https://lloydspharmacy.com/,99,2021-07-02
324,2127,Rx-info,RX Info.jpg,www.rx-info.co.uk,99,2021-07-02
325,2128,PPIB,,https://nhsprocurement.org.uk/abhi-position-on-the-ppib-tool/,99,2021-07-02
326,2129,The NJR Centre,The NJR Centre.jpg,www.njrcentre.org.uk,99,2021-07-02
327,2130,Nucletron,Nucletron.jpg,www.nucletron.com,99,2021-07-02
328,2131,HT Projects,,https://www.htprojects.co.uk/,99,2021-07-02
329,2132,PCMIS,,https://www.york.ac.uk/healthsciences/pc-mis/,99,2021-07-02
330,2134,TMS Insight,TMS Insight.jpg,www.tmsinsight.com,99,2021-07-02
331,2137,Kodak,Kodak.jpg,www.kodak.com,999,2021-12-15
332,2138,East Kent Business Intelligence (EKBI),,,99,2021-07-02
333,2139,Evolution Healthcare Systems,,https://www.evolutionhealthcaresystems.co.uk/,99,2021-07-02
334,2140,Newmans,,https://www.newmanbs.co.uk/services,99,2021-07-02
335,2141,4S Information Systems,4s.gif,http://www.4s-dawn.com/,99,2021-07-02
336,2142,POWERtec Systems and Consultancy,,,99,2021-07-02
337,2143,SAS,,http://www.sas.com,99,2021-07-02
338,2144,Cymbio,cymbio.jpg,https://capitahealthcaredecisions.com/,99,2021-07-02
339,2146,VitalPulse,Vitalpulse.jpg,www.vitalpulse.com,99,2021-07-02
340,2147,AES Medical,AES Group.jpg,https://www.aesgrp.com/healthcare/,99,2021-07-02
341,2148,NantHealth,,https://nanthealth.com/,99,2021-07-02
342,2149,Xanadutec,,https://xanadutec.com/,99,2021-07-02
343,2150,Genomics England,,https://www.genomicsengland.co.uk/,99,2021-07-02
344,2151,Feedback Medical,Cambridge Computed Imaging.jpg,https://fbkmed.com/,3116,2022-09-15
345,2152,Merge Healthcare,merge_healthcare.jpg,www.merge.com,99,2021-07-02
346,2153,The Gallery Partnership,image131.gif,www.gallerypartnership.co.uk,99,2021-07-02
347,2154,B-Plan Information Systems,,https://www.b-plan.com/,99,2021-07-02
348,2155,Xerox,Xerox.jpg,www.xerox.co.uk,99,2021-07-02
349,2156,BookWise Solutions,BookWise Solutions.jpg,https://www.bookwisesolutions.com/,99,2021-07-02
350,2157,NHS SBS,,https://www.sbs.nhs.uk/,99,2021-07-02
351,2158,Indigo Mountain,,https://indigomountain.co.uk/,99,2021-07-02
352,2159,NHS South West Commissioning Support Unit,,https://www.scwcsu.nhs.uk/,99,2021-07-02
353,2160,BT,,https://www.bt.com/,99,2021-07-02
354,2161,Mindwave Ventures,,https://www.mindwaveventures.com/,99,2021-07-02
355,2162,InventAsia,inventAsia.jpg,https://www.invent-asia.com/,99,2021-07-02
356,2163,Maintel / Azzurri,,https://www.maintel.co.uk/industries/public-sector/,99,2021-07-02
357,2164,Voice Point,,,99,2021-07-02
358,2165,Qvera,,https://www.qvera.com,99,2021-07-02
359,2166,Huntleigh,Huntleigh.gif,http://www.huntleigh-diagnostics.com/,99,2021-07-02
360,2167,Filemaker,Filemaker.jpg,https://www.claris.com/,99,2021-07-02
361,2169,Southern HSC Trust,,https://southerntrust.hscni.net/,99,2021-07-02
362,2170,Welch Allyn,,www.welchallyn.com,99,2021-07-02
363,2171,Finexe Systems,Finexe Systems.jpg,http://www.finexe.co.uk/,99,2021-07-02
364,2172,Mill Systems,,https://www.millsystems.com/,99,2021-07-02
365,2173,Baxter,,https://www.baxter.com/,99,2021-07-02
366,2174,Northumbria Healthcare NHS Foundation Trust,,https://www.northumbria.nhs.uk/,99,2021-07-02
367,2175,Capita Healthcare Decisions,,https://capitahealthcaredecisions.com/,99,2021-07-02
368,2176,iQ HealthTech,,https://www.iqhealth.tech/,999,2021-12-15
369,2177,NCS Technologies,NCS-Technologies.jpg,www.ncstech.com,99,2021-07-02
370,2178,Askey,,https://www.askey.com.tw/,99,2021-07-02
371,2179,Health Fabric,,https://www.healthfabric.co.uk/,99,2021-07-02
372,2180,Renaissance Computer Services,Renaissance Computer Services.jpg,www.renaissance.co.uk,99,2021-07-02
373,2181,Datatron,,http://www.datatron.co.uk/,99,2021-07-02
374,2182,Dictaphone,,,99,2021-07-02
375,2183,GSA,,https://www.gsaltd.com/,99,2021-07-02
376,2184,MediCUS,,https://mela.co.uk/medicus-critical-care/,99,2021-07-02
377,2185,3rd part SLA,,,99,2021-07-02
378,2186,ImageNow,,http://imagenow.ie/,99,2021-07-02
379,2187,Genial Genetics,,http://www.genialgenetics.com/,99,2021-07-02
380,2188,Cscribe,,,99,2021-07-02
381,2189,Nisis,,,99,2021-07-02
382,2190,Teletracking,,https://www.teletracking.com/,99,2021-07-02
383,2191,Destiny,,https://www.destiny.be/en,99,2021-07-02
384,2192,Data Innovations,Data Innovations.jpg,https://www.datainnovations.com/,99,2021-07-02
385,2193,Gael,Gael.jpg,https://www.ideagen.com/,99,2021-07-02
386,2194,Skills for Health,,https://skillsforhealth.org.uk/,2515,2022-07-01
387,2195,Softcat,Softcat.jpg,www.softcat.com,99,2021-07-02
388,2196,Noemalife,noemalife.jpg,www.noemalife.com,99,2021-07-02
389,2197,EndoSoft,EndoSoft.jpg,https://www.endosoft.com/,99,2021-07-02
390,2198,Path Links,,https://www.nlg.nhs.uk/services/pathology/,99,2021-07-02
391,2199,IBG Immucor,IBG.jpg,www.immucor.com,99,2021-07-02
392,2200,Get Real Health,,https://getrealhealth.com/,99,2021-07-02
393,2201,TIBCO,Tibco.jpg,www.tibco.com,99,2021-07-02
394,2202,MD Medicus,,https://www.md-medicus.net/en/home,99,2021-07-02
395,2203,N3,,https://n3results.com/,99,2021-07-02
396,2204,OceanoPAS,,https://www.servelec.co.uk/product-range/oceano/,99,2021-07-02
397,2205,Boxxe,,https://www.boxxe.com/,99,2021-07-02
398,2206,Clinical Computing,,https://www.constellationkidney.com/clinicalcomputing/?utm_source=ccl.com&utm_medium=web,99,2021-07-02
399,2207,Arrendale Associates,,https://aaita.com/,99,2021-07-02
400,2208,API Healthcare,,https://apihealthcare.com/client-support,99,2021-07-02
401,2210,Sysmex,,https://www.sysmex.co.uk/n/,99,2021-07-02
402,2211,Healthcare Software Solutions,,https://www.wellbeingsoftware.com/,99,2021-07-02
403,2213,ICIP,,,99,2021-07-02
404,2214,Wirral University Teaching Hospitals,,https://www.wuth.nhs.uk/,99,2021-07-02
405,2215,Yellowfin,,https://www.yellowfinbi.com/,99,2021-07-02
406,2216,V7 Technology,V7.jpg,www2.v7technology.com,99,2021-07-02
407,2217,Worcestershire Acute Hospitals NHS Trust,,https://www.worcsacute.nhs.uk/our-trust,99,2021-07-02
408,2218,Folding Space,Folding Space.jpg,https://www.foldingspace.co.uk/,99,2021-07-02
409,2219,Frimley Health NHS Foundation Trust,,https://www.fhft.nhs.uk/,99,2021-07-02
410,2220,Getinge,,https://www.getinge.com/uk/,99,2021-07-02
411,2223,CareFlow Medicines Management,,www.CareFlowmm.com,681,2021-11-04
412,2224,Alcidion,,https://www.alcidion.com/about/,1292,2022-01-24
413,2226,Q-nomy,,https://www.qnomy.com/,99,2021-07-02
414,2227,HealthNet Connections,,https://hnc.net/,99,2021-07-02
415,2228,Better,,https://www.better.care/,99,2021-07-02
416,2229,Quantros,,https://www.quantros.com/,99,2021-07-02
417,2231,Resource,,,99,2021-07-02
418,2232,Alfresco Software,,https://www.alfresco.com/,99,2021-07-02
419,2235,Lyniate,,https://www.lyniate.com/,6054,2023-09-14
420,2237,ADI,,https://www.adiglobal.com/,99,2021-07-02
421,2238,IT Health,,https://www.ithealth.co.uk/,99,2021-07-02
422,2240,NCS,,http://www.bedrockdw.co.uk/,99,2021-07-02
423,2844,AdEPT,,https://www.adept.co.uk/,99,2021-07-02
424,2845,Zoom,,https://zoom.us/,99,2021-07-02
425,2846,AIMES,,https://aimes.uk/,99,2021-07-02
426,2847,Khipu,,https://www.khipu-networks.com/,99,2021-07-02
427,2848,Alto Digital,,https://www.altodigital.com/,99,2021-07-02
428,2849,Konica Minolta,,https://www.konicaminolta.co.uk/en-gb,99,2021-07-02
429,2850,Amicus ITS,,https://www.amicusits.co.uk/,99,2021-07-02
430,2851,Kingsfield,,https://www.kingsfieldcomputers.co.uk/,99,2021-07-02
431,2852,ANS,,https://www.ans.co.uk/,99,2021-07-02
432,2853,Apogee,,https://www.apogeecorp.com/,999,2021-12-15
433,2854,Apple,,https://www.apple.com/uk/,99,2021-07-02
434,2855,LAN3,,https://www.lan3.co.uk/,99,2021-07-02
435,2856,Lifesize,,https://www.lifesize.com/en/,99,2021-07-02
436,2857,ASK 4,,https://www.ask4.com/,99,2021-07-02
437,2858,Assured Digital Technologies,,https://mdstechnologies.co.uk/about/the-merger/,99,2021-07-02
438,2859,ASUS,,https://www.asus.com/uk/,99,2021-07-02
439,2860,Avaya,,https://www.avaya.com/en/?utm_source=linkedin&utm_medium=social&utm_campaign=linkedIn_page,99,2021-07-02
440,2861,AWS,,https://aws.amazon.com/products/storage/,99,2021-07-02
441,2862,Baramundi,,https://www.baramundi.com/en-gb/,99,2021-07-02
442,2863,Beckett,,https://beckett-tele.com/,99,2021-07-02
443,2864,Blackberry,,https://www.blackberry.com/us/en/campaigns/blackberry?utm_source=google&utm_medium=cpc&_bt=510963204654&_bk=blackberry&_bm=e&_bn=g&_bg=58142009664&utm_content=gs-{1045418857}-{58142009664}-{510963204654}&gclid=EAIaIQobChMIrarBxej97wIVFeDtCh2uXwB7EAAYASAAE,99,2021-07-02
444,2865,Block,,https://www.block.co.uk/,99,2021-07-02
445,2866,Brightstar,,https://www.brightstar.com/about/,99,2021-07-02
446,2867,Linchpin,,http://lptpl.com/,99,2021-07-02
447,2868,Bytes,,https://www.bytes.co.uk/,99,2021-07-02
448,2869,Cambium Networks,,https://www.cambiumnetworks.com/xirrus/,99,2021-07-02
449,2870,Camtech Systems,,http://camtechsystems.co.uk,99,2021-07-02
450,2871,Logicalis,,https://www.logicalis.com/,99,2021-07-02
451,2872,CDW,,https://www.cdw.com/content/cdw/en/about/overview.html,99,2021-07-02
452,2873,Century Link,,https://www.lumen.com/en-us/home.html?utm_source=social&utm_medium=LinkedInRedirect&utm_campaign=CTLCompanyLI&utm_content=brand,99,2021-07-02
453,2874,Certero,,https://www.certero.com/,99,2021-07-02
454,2875,Charterhouse,,https://cvdgroup.com/,99,2021-07-02
455,2876,Check Point Software Technologies,,https://www.checkpoint.com/products/mobile-security/,99,2021-07-02
456,2877,Chess ICT,,https://chessict.co.uk/,99,2021-07-02
457,2878,Cinos,,https://www.cinos.net/,99,2021-07-02
458,2879,Cisco,,https://www.cisco.com/,99,2021-07-02
459,2880,Cisillion,,https://www.cisilion.com/,99,2021-07-02
460,2881,Citrix,,https://www.citrix.com/en-gb/,99,2021-07-02
461,2882,Colt,,https://www.colt.net/,99,2021-07-02
462,2883,Commvault,,https://www.commvault.com/,99,2021-07-02
463,2884,Concorde,,https://www.concorde.co.uk/,99,2021-07-02
464,2885,Convergence Networks,,https://convergencenetworks.com/,99,2021-07-02
465,2886,Cornwall IT services,,http://cits.cornwall.nhs.uk/,99,2021-07-02
466,2887,Daisy Group,,https://daisygroup.com/,99,2021-07-02
467,2888,DataPath,,https://www.mydatapath.com/,99,2021-07-02
468,2889,Datrix,,https://www.datrix.co.uk/,99,2021-07-02
469,2890,Datto,,https://www.datto.com/products/rmm/,999,2021-12-15
470,2891,DCC,,https://www.smartdcc.co.uk/,99,2021-07-02
471,2892,Dell Technologies,,https://www.delltechnologies.com/en-gb/index.htm,99,2021-07-02
472,2893,Dimension Data,,https://www.dimensiondata.com/,99,2021-07-02
473,2894,DV & D Group,,https://www.dvd-group.com/about-us,99,2021-07-02
474,2895,EE,,https://ee.co.uk/,99,2021-07-02
475,2896,Elite Group,,https://www.elitegroup.com/cloud-services/datacentre/dedicated-servers/,99,2021-07-02
476,2897,Mitel,,https://www.mitel.com/en-gb/,99,2021-07-02
477,2898,Enta,,https://wholesale.cityfibre.com/,99,2021-07-02
478,2899,Esteem Technologies,,https://www.esteemtechnologies.net/storage-solutions/,99,2021-07-02
479,2900,Exponential-E,,https://www.exponential-e.com/,99,2021-07-02
480,2901,Extreme Networks,,https://www.extremenetworks.com/company/,99,2021-07-02
481,2902,Fortinet,,https://www.fortinet.com/,99,2021-07-02
482,2903,Freedom Communications,,http://www.freedomcomms.com/,99,2021-07-02
483,2904,Fujitsu,,https://www.fujitsu.com/global/,99,2021-07-02
484,2905,Gamma,,https://www.gamma.co.uk/products/horizon-collaborate-unified-communications/,99,2021-07-02
485,2906,GoToMeeting,,https://www.gotomeeting.com/en-gb,99,2021-07-02
486,2907,Greater Manchester Shared Services (GMSS),,https://www.gmsharedservices.nhs.uk/,99,2021-07-02
487,2908,GS1 UK,,https://www.gs1uk.org/our-industries/healthcare,99,2021-07-02
488,2909,GTT (Interoute),,www.interoute.com,99,2021-07-02
489,2910,HBL ICT,,https://www.hblict.nhs.uk/,99,2021-07-02
490,2911,Healthcare Computing,,https://www.healthcarecomputing.co.uk/,99,2021-07-02
491,2912,Hitachi Medical Systems,,https://www.hitachi-medical-systems.eu/,99,2021-07-02
492,2913,Hoople,,https://www.hoopleltd.co.uk/,99,2021-07-02
493,2914,HP,,http://www.hp.com/,99,2021-07-02
494,2915,HPE,,,99,2021-07-02
495,2916,HTC,,https://www.htc.com/uk/,99,2021-07-02
496,2917,Millgate,,https://millgate.co.uk/,99,2021-07-02
497,2918,HubStor,,https://www.hubstor.net/,99,2021-07-02
498,2919,ICP Networks,,http://www.icpnetworks.co.uk/,99,2021-07-02
499,2920,Insight,,https://www.insight.com/en_US/home.html,99,2021-07-02
500,2921,ZENworks,,https://www.microfocus.com/en-us/products/zenworks-suite/overview,99,2021-07-02
501,2922,Internet Central Ltd,,https://ic.uk/enterprise-public-sector/sector-solutions/medical-care-providers/,99,2021-07-02
502,2923,Internet Video,,http://www.internet-video.co.uk/,99,2021-07-02
503,2924,Involve,,https://involve.vc/healthcare/medio-nhs-video-conferencing/,99,2021-07-02
504,2925,Ivanti,,https://www.ivanti.co.uk/,99,2021-07-02
505,2926,Jamf,,https://www.jamf.com/,99,2021-07-02
506,2927,Kaseya,,https://www.kaseya.com/,99,2021-07-02
507,2928,Misco,,https://www.misco.co.uk/,99,2021-07-02
508,2929,KCOM,,https://www.kcom.com/about-us/,99,2021-07-02
509,2930,ADP,,https://uk.adp.com/,99,2021-07-02
510,2931,Broadcom,,https://www.broadcom.com/,99,2021-07-02
511,2932,Capita,,https://www.capita.com/,99,2021-07-02
512,2933,Kaspersky,,https://www.kaspersky.co.uk/,99,2021-07-02
513,2934,Lenovo,,https://www.lenovo.com/gb/en/,99,2021-07-02
514,2935,LG,,https://www.lg.com/global,99,2021-07-02
515,2938,Arden & GEM CSU,,https://www.ardengemcsu.nhs.uk/,99,2021-07-02
516,2939,ManageEngine,,https://www.manageengine.com/products/desktop-central/,99,2021-07-02
517,2940,McAfee,,https://www.mcafee.com/en-us/index.html,99,2021-07-02
518,2941,Midland Telecom,,https://www.midlandtelecom.co.uk/,99,2021-07-02
519,2942,Arcserve,,https://www.arcserve.com/uk/,99,2021-07-02
520,2943,Annodata,,https://www.annodata.co.uk/,99,2021-07-02
521,2944,Vodafone,,https://www.vodafone.com/,99,2021-07-02
522,2945,MLL Telecom,,https://www.mlltelecom.com/,99,2021-07-02
523,2946,MobileIron,,https://www.ivanti.com/?miredirect,99,2021-07-02
524,2947,Motorola,,https://www.motorola.com/us/,99,2021-07-02
525,2948,NCC Group,,https://www.nccgroupplc.com/,99,2021-07-02
526,2949,NEL CSU,,https://nelcsu.nhs.uk/,99,2021-07-02
527,2950,Netapp,,https://www.netapp.com/,99,2021-07-02
528,2951,NHS Informatics Merseyside,,https://www.imerseyside.nhs.uk/,99,2021-07-02
529,2952,NHS Midlands and Lancashire Commissioning Support Unit (MLCSU),,https://www.midlandsandlancashirecsu.nhs.uk/,99,2021-07-02
530,2953,NHSmail,,https://digital.nhs.uk/services/nhsmail,99,2021-07-02
531,2954,Nokia,,https://www.nokia.com/,99,2021-07-02
532,2955,North of England Commissioning Support Unit (NECS),,https://www.necsu.nhs.uk/,99,2021-07-02
533,2956,Nottinghamshire Health Informatics Service (NHIS),,https://www.notts-his.nhs.uk/,99,2021-07-02
534,2957,Nutanix,,https://www.nutanix.com/solutions/healthcare,99,2021-07-02
535,2958,NuVideo,,https://www.nuvideo.net/,99,2021-07-02
536,2959,NYnet,,https://www.nynet.co.uk/,99,2021-07-02
537,2960,O2,,https://www.o2.co.uk/,99,2021-07-02
538,2961,Ocean Telecom,,https://www.oceantelecom.com/about-us/,99,2021-07-02
539,2962,Opus Technology,,https://www.opustech.co.uk/about-opus/,99,2021-07-02
540,2963,Orange,,https://www.orange.com/en,99,2021-07-02
541,2964,Origin Broadband,,https://www.originbroadband.com/,99,2021-07-02
542,2965,Panasonic,,https://www.panasonic.com/uk/,99,2021-07-02
543,2966,Park Place Technologies,,https://www.parkplacetechnologies.com/,99,2021-07-02
544,2967,Poly,,https://www.poly.com/gb/en/products/video-conferencing,99,2021-07-02
545,2968,Proact,,proact.co.uk,99,2021-07-02
546,2969,Proband,,https://www.probrand.co.uk/,99,2021-07-02
547,2970,Prodec,,https://www.prodec.co.uk/,99,2021-07-02
548,2971,Pulsant,,https://www.pulsant.com/,99,2021-07-02
549,2972,Pure AV,,https://www.pureav.co.uk/,99,2021-07-02
550,2973,Qualcomm,,https://www.qualcomm.com/company/about,99,2021-07-02
551,2974,Quest,,https://www.quest.com/kace/?gclid=EAIaIQobChMIgZXiquT97wIVDrbtCh0sEgkoEAAYASAAEgLrY_D_BwE&gclsrc=aw.ds,99,2021-07-02
552,2975,Redcentric,,www.redcentricplc.com/,99,2021-07-02
553,2976,Ricoh,,https://www.ricoh-usa.com/en,99,2021-07-02
554,2977,Ruckus Network,,https://www.commscope.com/ruckus/,99,2021-07-02
555,2978,Safend,,https://www.safend.com/vertical/healthcare/,99,2021-07-02
556,2979,Samsung,,https://www.samsung.com/uk/,99,2021-07-02
557,2980,Alcatel-Lucent Enterprise,,https://www.al-enterprise.com/en,99,2021-07-02
558,2981,Skanska,,https://www.skanska.com/,99,2021-07-02
559,2982,Skype,,https://www.skype.com/en/,99,2021-07-02
560,2983,SoftwareONE,,https://www.softwareone.com/en-gb/,99,2021-07-02
561,2984,Sony,,https://www.sony.co.uk/,99,2021-07-02
562,2985,Sophos,,https://www.sophos.com/en-us.aspx?&cmp=77247&utm_campaign=GPD-2020-UKI-PaidSearch-Google-EN-SCH-B-Pure-Sophos-Exact-DG-77247&utm_medium=cpc&utm_content=B_Pure_Sophos_Exact&utm_term=Sophos&utm_source=google-search&gclid=EAIaIQobChMImYeBn-P97wIVA-_tCh05Vwlv,99,2021-07-02
563,2986,SOTI,,https://www.soti.net/solutions/mobile-device-management/,99,2021-07-02
564,2987,Amicus,,https://www.amicusglobal.com/,99,2021-07-02
565,2988,StarLeaf,,https://starleaf.com/,99,2021-07-02
566,2989,Stone Group,,https://www.stonegroup.co.uk/sectors/public-sector/nhs/,99,2021-07-02
567,2990,Stoneleigh,,https://stoneleigh.co.uk/,99,2021-07-02
568,2991,Stream Networks,,https://www.streamnetworks.co.uk/2020/04/06/free-cloud-resources-for-nhs-medical-manufacturers-and-other-front-line-industry/nhs-2/,99,2021-07-02
569,2992,Subsidium,,https://www.subsidium-ms.com/about/,99,2021-07-02
570,2993,Sudlows,,https://www.sudlows.com/,99,2021-07-02
571,2994,Switchshop Limited,,https://www.switchshop.co.uk/,99,2021-07-02
572,2995,Systems Powering Healthcare Ltd (SPHERE),,,99,2021-07-02
573,2996,TalkTalk,,https://new.talktalk.co.uk/broadband/compare-deals?portalid=ppc-brand_generic&utm_medium=ppc&utm_campaign=broadbandna&utm_source=google&ds_kids=43700041341745536&ds_rl=1268942&infinity=ict2~net~gaw~ar~512875946362~kw~%2Btalktalk~mt~b~cmp~PPC_Broadband_BG_,99,2021-07-02
574,2997,Tandberg Data,,https://www.tandbergdata.com/emea/,99,2021-07-02
575,2998,Technology @Work,,https://www.technology.work/,99,2021-07-02
576,2999,Telephone Technology,,http://www.telephonetechnology.co.uk/,99,2021-07-02
577,3000,Tele-response,,https://www.tele-response.com/about-us,99,2021-07-02
578,3001,TeraFirma IT,,http://www.terafirmait.co.uk/,99,2021-07-02
579,3002,The Networking People (TNP),,https://www.tnp.net.uk/,99,2021-07-02
580,3003,TML,,https://www.tmleurope.com/,99,2021-07-02
581,3004,Total Computers,,https://www.totalcomputers.co.uk/,99,2021-07-02
582,3005,Trend Micro,,https://www.trendmicro.com/en_gb/business.html,99,2021-07-02
583,3006,UKFast,,https://www.ukfast.co.uk/,99,2021-07-02
584,3007,Ultima,,https://www.ultima.com/,99,2021-07-02
585,3008,Scalefusion,,https://scalefusion.com/,99,2021-07-02
586,3009,Veritas,,https://www.veritas.com/en/uk,99,2021-07-02
587,3010,XMA,,https://www.xma.co.uk/,99,2021-07-02
588,3011,Video South,,https://www.videosouth.co.uk/,99,2021-07-02
589,3012,Vidyo,,https://www.vidyo.com/,99,2021-07-02
590,3013,Viglen,,,99,2021-07-02
591,3014,Virgin Media,,https://www.virginmedia.com/shop/bundles?buspart=uk_ps_acq_cable_GOOGLE_Cable_Acq_Brand_Core_Pure_Exact+(Prospects)_Brand_Core_Pure_Exact+(Prospects)_virgin+media&CMP=DFA&medium=PPC&gclid=EAIaIQobChMIxMftlMz97wIViAUGAB3y-AwnEAAYASAAEgKoB_D_BwE&gclsrc=aw.d,99,2021-07-02
592,3015,Visionable,,https://visionable.com/,99,2021-07-02
593,3016,Vispa,,https://vispaflow.com/,99,2021-07-02
594,3017,VMware,,https://www.vmware.com/uk.html,99,2021-07-02
595,3018,Zerowait,,https://www.zerowait.com/,99,2021-07-02
596,3019,Voiceflex,,https://www.voiceflex.com/About,99,2021-07-02
597,3020,Voyager Networks,,https://www.voyager.net.uk/,99,2021-07-02
598,3021,Webex,,https://www.webex.com/,99,2021-07-02
599,3022,WiFi SPARK,,https://www.wifispark.com/healthcare,99,2021-07-02
600,3023,Workspace Technology,,https://www.workspace-technology.com/,99,2021-07-02
601,3024,Intercity Technology,,https://www.intercity.technology/,99,2021-07-02
602,3025,Xuper,,https://xuper.com/merger/,99,2021-07-02
603,3026,Huawei,,https://www.huawei.com/uk/,99,2021-07-02
604,3027,Updata plc,,https://www.updata.co.uk/,99,2021-07-02
605,3028,Verizon,,https://www.verizon.com/,5944,2023-09-01
606,3029,Amplitude,,https://amplitude.com/,99,2021-07-02
607,3030,Sensyne Health,,https://www.sensynehealth.com/,99,2021-07-02
608,3031,Induction Healthcare,,https://inductionhealthcare.com/,99,2021-07-02
609,3032,Global Healthcare Exchange (GHX),,https://www.ghx.com/,99,2021-07-02
610,3034,Brother UK Ltd,,,99,2021-07-02
611,3035,European Electronique,,,99,2021-07-02
612,3036,Facebook,,https://about.facebook.com/,99,2021-07-02
613,3037,Royal Devon and Exeter NHS Foundation Trust,,https://www.rdehospital.nhs.uk/,99,2021-07-02
614,3038,Bates IT,,https://batesit.co.uk/,99,2021-07-02
615,3039,Telefonica,,https://www.telefonica.com/en/,99,2021-07-02
616,3040,Staffordshire and Shropshire Health Informatics Service (SSHIS),,https://www.mpft.nhs.uk/about-us/digital/meet-team,99,2021-07-02
617,3041,Veeam,,https://www.veeam.com/,99,2021-07-02
618,3042,Servers Plus,,https://www.serversplus.com/,99,2021-07-02
619,3043,Snapcomms,,https://www.snapcomms.com/,99,2021-07-02
620,3044,Rubrik,,https://www.rubrik.com/,99,2021-07-02
621,3045,Sharp,,https://www.sharp.co.uk/gb,99,2021-07-02
622,3046,Lexmark,,https://www.lexmark.com/en_us.html,99,2021-07-02
623,3047,Clares,,https://www.clares.co.uk/healthcare-services/nhs-customers,99,2021-07-02
624,3048,MDS Technologies,,https://mdstechnologies.co.uk/,99,2021-07-02
625,3050,Epson,,https://www.epson.co.uk/,99,2021-07-02
626,3051,Visvo,,,99,2021-07-02
627,3052,Bitronic,,,99,2021-07-02
628,3053,Glooko,,https://www.glooko.com/,99,2021-07-02
629,3054,TeleHealth Solutions,,https://www.telehealthsolutions.us/,99,2021-07-02
630,3055,Docobo,,https://www.docobo.co.uk/,99,2021-07-02
631,3056,Oxehealth,,https://www.oxehealth.com/,99,2021-07-02
632,3057,Health Call,,https://www.nhshealthcall.co.uk/,99,2021-07-02
633,3058,Healthcare Communications,,https://healthcare-communications.com/,99,2021-07-02
634,3059,CareTower,,https://www.caretower.com/,99,2021-07-02
635,3060,TextLocal,,https://www.textlocal.com/,99,2021-07-02
636,3061,Servio,,,99,2021-07-02
637,3062,Dynabook,,https://emea.dynabook.com/,99,2021-07-02
638,3063,IDNS,,http://www.idnsolution.com/,99,2021-07-02
639,3065,Matsui,,,99,2021-07-02
640,3066,CareWorks,,https://www.careworks.co.uk/,99,2021-07-02
641,3067,Accenture,,https://www.accenture.com/gb-en,99,2021-07-02
642,3068,Peasoup,,https://peasoup.cloud/,99,2021-07-02
643,3069,AT&T,,https://www.att.com/,99,2021-07-02
644,3070,Engie,,https://www.engie.com/en,99,2021-07-02
645,3071,ARK,,https://arkdatacentres.co.uk/,99,2021-07-02
646,3072,Cloud 21,,https://www.cloud21.net/,99,2021-07-02
647,3073,Solarwinds,,https://www.solarwinds.com/,99,2021-07-02
648,3074,Tenable,,https://www.tenable.com/,99,2021-07-02
649,3075,Novus Health,,https://www.novushealth.co.uk/,99,2021-07-02
650,3076,Datacentre Solutions,,https://datacentre.solutions/,99,2021-07-02
651,3077,Atlas Communication,,https://www.atlas-comms.com/,99,2021-07-02
652,3078,Getronics,,https://www.getronics.com/,99,2021-07-02
653,3079,North,,https://north.tech/,99,2021-07-02
654,3080,Barracuda,,https://www.barracuda.com/,99,2021-07-02
655,3081,Aurora Telecom,,https://www.auroratelecom.co.uk/,99,2021-07-02
656,3082,Herbert In-Building Wireless,,https://in-building-wireless.solutions/,99,2021-07-02
657,3083,Yorkshire and Humber Public Services Network (YHPSN),,https://www.yhphnetwork.co.uk/,99,2021-07-02
658,3084,Bisnet,,,99,2021-07-02
659,3085,IGEL Technology,,https://www.igel.com/,99,2021-07-02
660,3086,PlanNet21,,https://www.plannet21.com/,99,2021-07-02
661,3087,CAE Technology Services,,https://www.thisiscae.com/,99,2021-07-02
662,3088,Centiq,,https://www.centiq.co.uk/,99,2021-07-02
663,3089,Palo Alto Networks,,https://www.paloaltonetworks.com/,99,2021-07-02
664,3090,HiveIO,,https://www.hiveio.com/,99,2021-07-02
665,3091,Micro Focus,,https://www.microfocus.com/en-us/home,99,2021-07-02
666,3093,Promatica Digital Solutions,,https://www.promaticadigital.co.uk/,99,2021-07-02
667,3094,Medspeech,,https://www.dictatingsolutions.co.uk/product-category/digital-dictation/medspeech-dictation/,99,2021-07-02
668,3095,DataWell,,https://www.connectedhealthcities.org/2016/09/what-is-the-datawell/,99,2021-07-02
669,3096,Fraxinus,,https://www.fraxinusit.co.uk/about-us,12152,2025-09-18
670,3097,Elsevier,,https://www.elsevier.com/en-gb,1292,2022-01-24
671,3098,University Hospital Southampton NHS Foundation Trust,,https://www.uhs.nhs.uk/home.aspx,99,2021-07-02
672,3099,CareCube,,https://www.carecube.co.uk/,99,2021-07-02
673,3100,Share2Care,,https://help.share2care.nhs.uk/home/,99,2021-07-02
674,3101,NHS CHC,,https://www.england.nhs.uk/healthcare/,99,2021-07-02
675,3102,Nautilus Consulting,,https://www.nautilus-consulting.co.uk/about/,99,2021-07-02
676,3103,Restore,,https://www.restore.co.uk/,99,2021-07-02
677,3104,Malinko,,https://www.malinkoapp.com/,99,2021-07-02
678,3105,Roche,,https://www.roche.com/,99,2021-07-02
679,3106,Google,,https://about.google/,99,2021-07-02
680,3107,Concorde Technology Group,,https://www.tctg.co.uk/,99,2021-07-02
681,3108,Attend Anywhere,,https://www.attendanywhere.com/,99,2021-07-02
682,3109,Kyocera,,https://uk.kyocera.com/,99,2021-07-02
683,3110,Betasoft,,https://www.betasoft.co.uk/,99,2021-07-02
684,3111,Synanetics,,https://synanetics.com/,99,2021-07-02
685,3112,Banner,,https://www.banneruk.com/,99,2021-07-28
686,3113,ORDR,,https://ordr.net/solutions/healthcare/,99,2021-07-28
687,3114,Celestix Networks,,https://celestix.com/,99,2021-07-28
688,3115,Signal,,https://signal.org/en/,99,2021-07-28
689,3116,Telegram,,https://telegram.org/,99,2021-07-28
690,3117,Envoy,,https://envoy.com/,99,2021-07-28
691,3118,Reach Interactive,,https://www.reach-interactive.com/,999,2021-12-15
692,3119,Pando,,https://hellopando.com/,99,2021-07-28
693,3120,Mjog,,https://www.mjog.com/,99,2021-07-28
694,3121,TNP,,https://www.tnp.net.uk/,99,2021-07-28
695,3122,SWComms,,https://www.swcomms.co.uk//about-us/company-history/,99,2021-07-28
696,3123,Scottish Wide Area Network (SWAN),,https://www.scottishwan.com/about/,99,2021-07-28
697,3124,Public Sector Broadband Aggregation (PSBA),,https://www.psba.gov.wales/about/,99,2021-07-28
698,3125,rapidsms,,https://www.rapidsms.net/,99,2021-07-28
699,3126,secureit,,https://secure-it.co.uk/,99,2021-07-28
700,3127,3D Systems,,https://www.3dsystems.com/,99,2021-07-28
701,3128,Cleardata,,https://www.cleardatagroup.co.uk/about/,99,2021-07-28
702,3129,8x8,,https://www.8x8.com/,99,2021-07-28
703,3130,MMG,,https://www.mmg.co.uk/,99,2021-07-28
704,3131,East Sussex Healthcare NHS Trust,,www.esht.nhs.uk,99,2021-07-28
705,3132,DTP,,https://dtpgroup.co.uk/,99,2021-07-28
706,3133,ESET,,https://www.eset.com/uk/home/internet-security/?gclid=EAIaIQobChMIlP_b6-3B8QIVCb_tCh21AgRsEAAYASAAEgKXEPD_BwE&gclsrc=aw.ds,99,2021-07-28
707,3134,MMS Group,,https://www.mmsgroup.tech/,99,2021-07-28
708,3135,MIAA,,https://www.miaa.nhs.uk/about-us/,99,2021-07-28
709,3136,NTE,,https://nte.works/,99,2021-07-28
710,3137,Healthcare Support and Infrastructure Services (HSIS),,https://www.hsis.org.uk/about-us,99,2021-07-28
711,3138,Pulse Secure,,https://www.pulsesecure.net/,99,2021-07-28
712,3139,LIMA,,https://www.lima.co.uk/,99,2021-07-28
713,3140,Supermicro,,https://www.supermicro.com/en/?utm_term=&utm_campaign=5G+Infrastructure-US&utm_source=adwords&utm_medium=ppc&hsa_acc=2470092333&hsa_cam=13067963161&hsa_grp=121009483806&hsa_ad=520965726408&hsa_src=g&hsa_tgt=dsa-1259812539510&hsa_kw=&hsa_mt=b&hsa_net=adwor,99,2021-07-28
714,3141,SafeComm,,https://safecommapp.com/,99,2021-07-28
715,3142,AccuRx,,https://www.accurx.com/,9246,2024-10-10
716,3143,Modality Systems,,https://www.modalitysystems.com/,99,2021-07-28
717,3144,Tintri,,https://tintri.com/,99,2021-07-28
718,3145,Nimble,,https://www.nimble.com/,99,2021-07-28
719,3146,Bridgeway Security Solutions,,https://www.bridgeway.co.uk/,99,2021-07-28
720,3147,Bittium,,https://www.bittium.com/,99,2021-07-28
721,3148,HSL,,,99,2021-07-28
722,3149,NHS Scotland,,https://www.scot.nhs.uk/,99,2021-07-28
723,3150,Epaton,,https://epaton.co.uk/,99,2021-07-28
724,3151,NHS Wales Shared Services Partnership (NWSSP),,https://nwssp.nhs.wales/,99,2021-07-28
725,3152,NetMotion Software,,https://www.netmotionsoftware.com/,99,2021-07-28
726,3153,Kofax,,https://www.kofax.com/,99,2021-07-28
727,3154,Y Soft,,https://www.ysoft.com/en,99,2021-07-28
728,3155,Synertec,,https://www.synertec.co.uk/sector-expertise/healthcare,99,2021-07-28
729,3156,Papercut,,https://www.papercut.com/,99,2021-07-28
730,3157,UniPrint,,https://www.uniprint.net/en/,99,2021-07-28
731,3158,Mirada Medical,,https://mirada-medical.com/,99,2021-07-28
732,3159,Vision,,https://www.visionplc.co.uk/,99,2021-07-28
733,3195,Redpalm,,https://redpalm.co.uk/,353,2021-08-23
734,3196,Wandera,,https://www.wandera.com/,353,2021-08-23
735,3197,Biosense Webster,,https://www.jnjmedicaldevices.com/en-US/companies/biosensewebster,353,2021-08-23
736,3198,Pie Medical Imaging,,https://www.piemedicalimaging.com/,1873,2022-04-08
737,3199,Formlabs,,https://formlabs.com/uk/,353,2021-08-23
738,3200,Swivel Secure,,https://swivelsecure.com/,353,2021-08-23
739,3201,Future-tech,,https://www.future-tech.co.uk/,353,2021-08-23
740,3202,Business Management Services (UK),,https://find-and-update.company-information.service.gov.uk/company/05717310,353,2021-08-23
741,3203,Xstek,,https://xstek.net/,353,2021-08-23
742,3204,Conceptunet,,https://www.conceptunet.com/,353,2021-08-23
743,3205,CJC Pedigree Software,,http://clinicalpedigree.com/cgi-sys/suspendedpage.cgi,353,2021-08-23
744,3206,MySense,,https://www.mysense.ai/,389,2021-09-29
745,3207,PSTG,,https://www.pstg.co.uk/,389,2021-09-29
746,3208,M2,,https://www.m2.ie/,389,2021-09-29
747,3209,Microport,,https://microport.com/,389,2021-09-29
748,3210,Enovacom,,https://www.enovacom.com/,389,2021-09-29
749,3218,Operose Health,,https://www.operosehealth.co.uk/,452,2021-10-06
750,3219,Mitratech,,https://mitratech.com/,452,2021-10-06
751,3220,Ephesoft,,https://ephesoft.com/,522,2021-10-15
752,3221,Automated Intelligence System,,https://www.automated-intelligence.com/,522,2021-10-15
753,3222,SpeechWrite,,https://www.speechwrite.com/,522,2021-10-15
754,3223,T-Pro,,https://info.tpro.io/,522,2021-10-15
755,3224,CustodianDC,,https://www.custodiandc.com/connectivity/business,522,2021-10-15
756,3226,Inform Health,,https://www.informhealth.co.uk/,522,2021-10-15
757,3227,ONI,,https://www.oni.co.uk/,681,2021-11-04
758,3228,Interneuron CIC,,https://interneuron.org/,681,2021-11-04
759,3229,Elemental,,https://elementalsoftware.co/,681,2021-11-04
760,3230,Ascom,,https://www.ascom.com/uk/,681,2021-11-04
761,3231,Optum,,https://www.optum.com/,681,2021-11-04
762,3300,Bitdedefender,,https://www.bitdefender.co.uk/solutions/total-security.html,999,2021-12-15
763,3301,iBabs,,https://www.ibabs.com/en/,999,2021-12-15
764,3302,Mainstream Digital,,https://www.msdigital.com/,1292,2022-01-24
765,3303,Sector IT,,https://www.sector-it.co.uk/,1292,2022-01-24
766,3304,Solcom,,https://www.solcom.com/,1292,2022-01-24
767,3305,BCN Group,,https://bcn.co.uk/,1292,2022-01-24
768,3306,Automated Messaging Systems,,https://www.ams-ltd.com/Products/SMS,1292,2022-01-24
769,3307,Substrakt Health,,https://substrakthealth.com/,1292,2022-01-24
770,3308,Cegedim,,https://www.cegedim-healthcare.co.uk/,1292,2022-01-24
771,3309,Enigma Interactive,,https://www.enigma-interactive.co.uk/intro,1292,2022-01-24
772,3310,Upstream Health,,https://www.upstream.health/,1379,2022-02-03
773,3311,NEC Software Solutions,,https://www.necsws.com/,1379,2022-02-03
774,3316,astraia,,https://www.astraia.com/en/,1739,2022-03-21
775,3317,4ways Healthcare,,https://4waysdiagnostics.co.uk,1739,2022-03-21
776,3318,Altera Digital Health,Allscripts.jpg,https://www.alterahealth.com/,7857,2024-04-18
777,3321,Palantir,,https://www.palantir.com/,2147,2022-05-24
778,3322,Medis Medical Imaging,,https://medisimaging.com/,2147,2022-05-24
779,3323,Encodian,,https://www.encodian.com,2147,2022-05-24
780,3324,VitalHub,,http://www.vitalhub.com,2147,2022-05-24
781,3325,TrustNet,,https://www.trustnet.com,2147,2022-05-24
782,3326,Aptvision,,http://www.aptvision.com,2147,2022-05-24
783,3327,Yorkshire and Humber Care Record,,http://www.yhcr.org,2147,2022-05-24
784,3328,McKesson,,http://www.mckesson.eu,2147,2022-05-24
785,3329,Enovation,,https://www.enovationgroup.com/,2147,2022-05-24
786,3330,Electronic Point of Care,,http://electronicpointofcare.co.uk/Epoc/,2147,2022-05-24
787,3331,Carestream Dental,,https://www.carestreamdental.com/en-us,2147,2022-05-24
788,3332,Equiniti ICS,,https://equiniti-technology.com/,2326,2022-06-16
789,3333,IBOX Healthcare,,https://www.iboxhealthcare.co.uk/,2326,2022-06-16
790,3334,Rotamap,,https://rotamap.net/,2326,2022-06-16
791,3335,OpenEyes,,https://openeyes.apperta.org/,2326,2022-06-16
792,3336,Medisoft,,https://www.medisoft.co.uk/,2326,2022-06-16
793,3337,Omnicell,,https://www.omnicell.com/,2326,2022-06-16
794,3338,Vyaire Medical,,https://intl.vyaire.com/,2326,2022-06-16
795,3340,Softworks,,https://www.softworks.com/erostering-labour-scheduling/,2374,2022-06-22
796,3341,Mastek,,https://www.mastek.com/industries/healthcare-life-sciences/,2374,2022-06-22
797,3345,DH Opco,,,2515,2022-07-01
798,3346,Viapath,,www.viapath.co.uk,2515,2022-07-01
799,3347,Zebra,,https://www.zebra.com/gb/en/solutions/industry/healthcare.html,2515,2022-07-01
800,3348,East Lancashire Financial Services,,https://www.elfsnhs.co.uk/,2515,2022-07-01
801,3349,Fleischhacker GmbH & Co,,https://www.fleischhacker.biz/en/,2515,2022-07-01
802,3350,Medilogik,,https://medilogik.co.uk,2515,2022-07-01
803,3351,Inditech Middle East,,https://www.inditechme.com/rotageek,2661,2022-07-21
804,3352,Hillrom,,https://www.hillrom.com,2661,2022-07-21
805,3353,Cardiobase,,https://cardiobase.com,2661,2022-07-21
806,3354,Citadel Health,,https://citadelhealth.com.au/,2661,2022-07-21
807,3355,Unit4,,https://www.unit4.com,2661,2022-07-21
808,3356,Imagex Medical,,https://www.imagexmedical.com,2661,2022-07-21
809,3357,HealthRota,,https://healthrota.co.uk,2661,2022-07-21
810,3358,Clanwilliam Health,,https://clanwilliamhealth.com,2661,2022-07-21
811,3359,Circle Cardiovascular Imaging,,https://www.circlecvi.com/cvi42/cardiac-mri/,2661,2022-07-21
812,3396,CompuGroup Medical,,https://www.cgm.com/,2835,2022-08-08
813,3397,Harris Healthcare,,https://www.harrishealthcare.com/,2835,2022-08-08
814,3398,Cievert,,https://cievert.co.uk/,3116,2022-09-15
815,3399,Intelerad,,https://www.intelerad.com/en/press-releases/insignia/,3116,2022-09-15
816,3400,Clinical IT,,https://www.clinicalit.co.uk/,3116,2022-09-15
817,3401,Wombex,,https://wombex.com/,3116,2022-09-15
818,3402,Vitalograph,,https://vitalograph.com/uk/,3456,2022-10-31
819,3403,Swisslab,,https://www.limswiki.org/index.php/Swisslab_GmbH,3722,2022-12-07
820,3404,The Access Group,,https://www.theaccessgroup.com/en-au/about/,3722,2022-12-07
821,3405,MDI Solutions,,https://www.mdisolutions.com/,3722,2022-12-07
822,3406,Business Dictation,,https://businessdictation.co.uk,3722,2022-12-07
823,3407,Locum's Nest,,https://locumsnest.co.uk,3722,2022-12-07
824,3408,Arcturis Data,,https://www.arcturisdata.com/,4305,2023-02-13
825,3409,Freedom of Speech,,http://www.freedom-speech.co.uk/,4305,2023-02-13
826,3410,ACF Technologies,,https://www.acftechnologies.com/,4305,2023-02-13
827,3411,Docman,,https://www.docman.com/,4305,2023-02-13
828,3412,Rotawatch LTD,,http://rotawatch.com/site/,4305,2023-02-13
829,3413,CWL Systems,,https://www.cwlsystems.co.uk/,4305,2023-02-13
830,3414,Acteon Group,,https://www.acteongroup.com/uk-en/,4305,2023-02-13
831,3415,Alcon Laboratories,,https://www.uk.alcon.com/,4305,2023-02-13
832,3416,Althea,,https://www.althea-group.com/,4305,2023-02-13
833,3417,Amercare Ltd,,https://www.amercare.co.uk/,4305,2023-02-13
834,3418,Ashby Gorman Baker Ltd,,https://www.ashbygb.com/en,4305,2023-02-13
835,3419,Avensys UK Ltd,,https://www.avensysmedical.co.uk/,4305,2023-02-13
836,3420,Healthcare 21,,https://www.bardcare.uk/clinicians,4451,2023-03-05
837,3421,Bausch & Lomb,,https://www.bausch.com/,4451,2023-03-05
838,3422,Bayer,,https://www.bayer.com/en/,4305,2023-02-13
839,3423,Belmont,,https://www.belmonthealthcare.co.uk/,4451,2023-03-05
840,3424,BK Medical,,https://www.bkmedical.com/,4305,2023-02-13
841,3425,Blueprint Dental,,https://blueprintdental.co.uk/,4305,2023-02-13
842,3426,Bracco,,https://www.bracco.com/,4305,2023-02-13
843,3427,Bracon Dental,,https://www.bracon.co.uk/,4305,2023-02-13
844,3428,Bright Technologies Ltd,,https://www.britec.net/,4305,2023-02-13
845,3429,BTG Ltd,,https://btgsp.com/en-gb/,4305,2023-02-13
846,3430,Butterfly Network,,https://www.butterflynetwork.com/,4305,2023-02-13
847,3431,Calmed,,https://www.calmedmedical.com/,4305,2023-02-13
848,3432,Carleton Optical,,https://www.carletonltd.com/,4305,2023-02-13
849,3433,Chattanooga Group,,https://www.chattanoogarehab.com/uk/,4305,2023-02-13
850,3434,Clarius,,https://clarius.com/,4305,2023-02-13
851,3435,Claudius Ash,,,4305,2023-02-13
852,3436,Comecer,,https://www.comecer.com/,4305,2023-02-13
853,3437,Cyclomedica,,https://www.cyclomedica.eu/,4305,2023-02-13
854,3438,Daax Ltd,,daax.co.uk,4305,2023-02-13
855,3439,Dentsply Sirona,,https://www.dentsplysirona.com/en-gb,4305,2023-02-13
856,3440,Devlin,,https://www.devlin.co.uk/,4305,2023-02-13
857,3441,Diagnostic Ultrasound UK Ltd,,https://find-and-update.company-information.service.gov.uk/company/1288166,4305,2023-02-13
858,3442,Dilon,,https://dilon.com/,4305,2023-02-13
859,3443,Drgem,,http://www.drgem.co.kr/ ; https://www.omnia-health.com/exhibitor/drgem-corporation-1,4305,2023-02-13
860,3444,Duncan Technical Services,,https://dtsdental.com/,4305,2023-02-13
861,3445,Durr Dental,,https://www.duerrdental.com/en/GB/,4305,2023-02-13
862,3446,Echosens,,https://www.echosens.com/,4305,2023-02-13
863,3447,Echo-Son,,https://echoson.eu/en/,4305,2023-02-13
864,3448,Edan Medical,,https://www.edanuk.com/,4305,2023-02-13
865,3449,Eigen,,https://www.eigen.com/,4305,2023-02-13
866,3451,Ellex,,https://www.ellex.com/,4305,2023-02-13
867,3452,Encor,,https://encore-medical.com/,4305,2023-02-13
868,3453,EOS Imaging,,https://www.eos-imaging.com/,4305,2023-02-13
869,3454,Ergo Viewing Ltd,,https://find-and-update.company-information.service.gov.uk/company/NI039016,4305,2023-02-13
870,3455,Esaote Spa,,https://www.esaote.com/,4305,2023-02-13
871,3456,Esco,,https://www.esco-medical.com/,4305,2023-02-13
872,3457,Eurorad,,https://www.eurorad.org/,4305,2023-02-13
873,3458,E-Z-EM,,https://www.encyclopedia.com/books/politics-and-business-magazines/e-z-em-inc,4305,2023-02-13
874,3459,Ezono,,https://www.ezono.com/en/,4305,2023-02-13
875,3460,Fannin,,https://www.fannin.eu/,4305,2023-02-13
876,3461,Faxitron,,https://www.faxitron.com/,4305,2023-02-13
877,3462,Dexis,,https://dexis.com/en-us/software-gendex-vixwin-platinum,4305,2023-02-13
878,3463,Genlab,,https://www.genlab.co.uk/,4305,2023-02-13
879,3464,Giotto,,https://imsgiotto.com/about-us/,4305,2023-02-13
880,3465,Grafton Optical,,https://www.graftonoptical.com/,4305,2023-02-13
881,3466,Guerbet,,https://www.guerbet.com/,4305,2023-02-13
882,3467,HC21 Healthcare,,https://healthcare21.eu/,4305,2023-02-13
883,3468,Henry Schein Dental,,https://www.henryschein.co.uk/gb-en/dental-gb/,4305,2023-02-13
884,3469,Hermes,,https://www.hermesmedical.com/,4305,2023-02-13
885,3470,Hologic,,https://hologicbreastsurgery.com/eur/?gclid=CjwKCAiA5sieBhBnEiwAR9oh2n4FGjCgvL2byfFWfAj0GP1jrIG_CaQPnAgiJS03zId7Iy5coORj6xoCgJIQAvD_BwE,4305,2023-02-13
886,3471,Honda Electronics,,https://en.honda-el.co.jp/,4305,2023-02-13
887,3472,Hulbert Imaging,,https://www.hulbertimaging.co.uk/,4305,2023-02-13
888,3473,Instrumentarium,,https://www.instrumentarium-online.com/,4305,2023-02-13
889,3474,Integrated Radiological,,https://www.irs-limited.com/,4305,2023-02-13
890,3475,Karl Storz Endoscopy,,https://www.karlstorz.com/de/en/index.htm?target=,4305,2023-02-13
891,3476,Kavo Dental,,https://www.kavo.com/en-us,4305,2023-02-13
892,3477,Leitz,,https://www.leica-microsystems.com/products/microscope-accessories/leitz-system-supplier-for-oem/,4305,2023-02-13
893,3478,Light Medical Ltd,,https://www.lightmedical.co.uk/,4305,2023-02-13
894,3479,Link Medical,,https://linkmedical.eu/,4305,2023-02-13
895,3480,Lynton,,https://www.lyntontrailers.co.uk/mammography-trailers,4305,2023-02-13
896,3481,Mainline,,https://www.main-line.co.uk/,4305,2023-02-13
897,3482,Mammotome,,https://en-gb.mammotome.com/,4305,2023-02-13
898,3483,Mecall Odell,,,4305,2023-02-13
899,3484,Medecon,,https://www.medecon.co.uk/,4305,2023-02-13
900,3485,Medira,,https://medira.co.uk/,4305,2023-02-13
901,3486,Mediso,,https://mediso.com/global/en/,4305,2023-02-13
902,3487,Mediwatch,,http://www.mediwatch.com/,4305,2023-02-13
903,3488,Medray,,https://www.medray.co.uk/,4451,2023-03-05
904,3489,Meike,,https://meike006.en.ecplaza.net/,4305,2023-02-13
905,3490,MI Healthcare,,https://www.mihealthcare.co.uk/,4305,2023-02-13
906,3491,Mindray,,https://www.mindray.com/en,4305,2023-02-13
907,3492,MIS Healthcare,,https://www.mishealthcare.co.uk/,4305,2023-02-13
908,3493,Morita,,https://www.morita.com/group/en/,4305,2023-02-13
909,3494,MRI Devices Ltd,,https://mri-devices.com/,4305,2023-02-13
910,3495,MyRay,,https://www.myray.it/en/,4305,2023-02-13
911,3496,Nanosonics,,https://www.nanosonics.co.uk/,4305,2023-02-13
912,3497,Quadient Group,,https://www.quadient.com/en-gb/homepage,4305,2023-02-13
913,3498,Ocura Healthcare Furniture,,https://ocura.co.uk/,4305,2023-02-13
914,3499,Orca Medical,,https://www.orcamedical.co.uk/,4305,2023-02-13
915,3500,Owandy,,https://www.owandy.com/,4305,2023-02-13
916,3501,PerkinElmer,,https://www.perkinelmer.com/,4305,2023-02-13
917,3502,PFE Medical Ltd,,https://www.pfemedical.co.uk/,4305,2023-02-13
918,3503,Creo Medical,,https://www.creomedical.co.uk/,4305,2023-02-13
919,3504,Plandent,,https://www.plandent.com/,4305,2023-02-13
920,3505,Planmeca,,https://www.planmeca.com/,4451,2023-03-05
921,3506,PLH Medical Ltd,,https://www.plhmedical.co.uk/,4305,2023-02-13
922,3507,Premise,,https://www.premise.com/,4305,2023-02-13
923,3508,Probo Medical,,https://www.probomedical.co.uk/,4305,2023-02-13
924,3509,Provis,,https://daysoft.com/,4305,2023-02-13
925,3510,Q2,,https://www.q2labsolutions.com/,4305,2023-02-13
926,3511,Quantel Medical,,https://www.quantel-medical.com/,4451,2023-03-05
927,3512,Reliatec Ltd,,https://www.yell.com/biz/reliatec-ltd-cardiff-6212855/,4305,2023-02-13
928,3513,RPS Service Ltd,,https://rpsservice.co.uk/,4305,2023-02-13
929,3514,Sartorius Ag,,https://www.sartorius.com/en,4305,2023-02-13
930,3515,ScanMed Medical,,https://www.scanmed.com/,4305,2023-02-13
931,3516,Shimadzu,,https://www.shimadzu.com/med/,4305,2023-02-13
932,3517,Sident Dental Systems,,https://www.sident.co.uk/?gclid=CjwKCAiA5sieBhBnEiwAR9oh2str5ZxKe1RoE60cFBvqoGTbkGyULTz9vrsAbEzbXIbf0OlfQqnNxRoCfwsQAvD_BwE,4305,2023-02-13
933,3518,Sigmacon,,https://www.sigmacon.co.uk/,4305,2023-02-13
934,3519,Smart Medical Ltd,,http://www.smartmedical.co.uk/home,4305,2023-02-13
935,3520,Soredex,,https://www.dentaldynamix.co.uk/soredex-and-gendex-assistance.html?gclid=CjwKCAiA5sieBhBnEiwAR9oh2vRIDyvI0rlMNyDE3jtO-JdvMeKtrAiPCo24tzbqaLgYDvNfUfZBlBoCpFwQAvD_BwE,4305,2023-02-13
936,3521,Spectrum Ophthalmics Ltd,,https://www.spectrumophthalmics.uk/,4305,2023-02-13
937,3522,St Jude Medical,,https://www.abbott.com/corpnewsroom/strategy-and-strength/st-jude-medical-is-now-abbott.html,4305,2023-02-13
938,3523,Stratec Medizintechnik GmbH,,https://www.stratec.com/home,4305,2023-02-13
939,3524,Supersonic Imagine,,https://www.supersonicimagine.com/,4305,2023-02-13
940,3525,Surgitrac Instruments,,https://www.surgitrac.com/,4305,2023-02-13
941,3526,Synapse Medical,,https://www.synapsemed.co.uk/,4305,2023-02-13
942,3527,The Dental Imaging Company,,https://www.thedentalimagingcompany.co.uk/,4305,2023-02-13
943,3528,Ulrich Medical,,https://www.ulrichmedical.de/,4305,2023-02-13
944,3529,Vatech,,https://www.vatech.com/,4305,2023-02-13
945,3530,Velopex,,https://velopex.com/,4305,2023-02-13
946,3531,Verathon Medical,,https://www.verathon.com/,4305,2023-02-13
947,3532,Vertec Scientific,,https://www.vertec.co.uk/,4305,2023-02-13
948,3533,Visunex Medical Systems,,http://visunex.com/,4305,2023-02-13
949,3534,Wardray Premise Ltd,,https://www.wardray-premise.com/,4305,2023-02-13
950,3535,Wisonic,,https://www.wisonic.com/en/,4305,2023-02-13
951,3536,Wolverson,,https://www.wolverson.uk.com/,4305,2023-02-13
952,3537,Woodlane Dental Equipment,,https://woodlanedental.co.uk/,4305,2023-02-13
953,3538,Wrights Dental,,https://www.wright-cottrell.co.uk/,4305,2023-02-13
954,3539,Xograph Healthcare,,https://www.xograph.com/,4305,2023-02-13
955,3540,Xstrahl,,https://xstrahl.com/,4305,2023-02-13
956,3541,Ziehm Imaging,,https://www.ziehm.com/en/us/home.html,4305,2023-02-13
957,3542,De Smit Medical,,https://www.desmitmedical.com/,4305,2023-02-13
958,3543,MIC Global,,https://www.micglobal.com/,4305,2023-02-13
959,3544,Minerva Laboratories,,http://www.minervalabs.co.uk/,4305,2023-02-13
960,3545,MTS Health,,https://mtshealth.co.uk/,4305,2023-02-13
961,3547,Chiron Vision,,https://www.bloomberg.com/profile/company/2136643D:US?leadSource=uverify%20wall,4305,2023-02-13
962,3548,Xtramed Ltd LTD,,http://www.xtramed.co.ke/about.html,4305,2023-02-13
963,3549,Metron,,https://www.metron-medical.com/,4305,2023-02-13
964,3550,EMS Physio,,https://www.emsphysio.co.uk/,4305,2023-02-13
965,3552,CIRS Inc,,https://www.cirsinc.com/,4305,2023-02-13
966,3553,DataSpace,,https://www.data-space.co.uk/,4305,2023-02-13
967,3554,DXC Technology,,https://dxc.com/us/en,4305,2023-02-13
968,3555,Accutome Inc.,,https://www.accutome.com/,4451,2023-03-05
969,3556,Arcoma,,https://www.arcoma.com/?page_id=8175,4451,2023-03-05
970,3557,ATS LABORATORIES LIMITED,,https://atslaboratories.com.au/,4451,2023-03-05
971,3558,Bence,,https://whbence.co.uk/,4451,2023-03-05
972,3560,Braun,,https://professional.braunhealthcare.com/uk_en/,4451,2023-03-05
973,3561,BVM Medical,,http://www.bvmmedical.com/about-us,4451,2023-03-05
974,3562,CPI,,https://www.uk-cpi.com/,4451,2023-03-05
975,3563,Daray,,https://www.daray.com/,4451,2023-03-05
976,3564,Dentaurum,,https://www.dentaurum.de/eng/default.aspx,4451,2023-03-05
977,3565,DGH Technologies Inc,,https://dghtechnology.com/,4451,2023-03-05
978,3566,Electro Medical Systems,,https://ems-company.com/en,4451,2023-03-05
979,3567,Envair,,https://envairtechnology.com/,4451,2023-03-05
980,3568,Everything X-Ray Ltd,,http://www.everythingxray.co.uk/,4451,2023-03-05
981,3569,Forte,,https://forte.uk.com/,4451,2023-03-05
982,3570,Genoray,,http://www.genoray.com/?ckattempt=3,4451,2023-03-05
983,3571,Gulmay Ltd,,https://www.gulmay.eu/,4451,2023-03-05
984,3572,Healcerion,,https://healcerion.com/main,4451,2023-03-05
985,3573,Imotek International Ltd,,https://www.imotek.com/,4451,2023-03-05
986,3574,Iradimed,,http://www.iradimed.com/,4451,2023-03-05
987,3575,IVY Biomedical,,https://ivybiomedical.com/index.html,4451,2023-03-05
988,3576,Kubtec,,https://www.kubtec.com/about,4451,2023-03-05
989,3577,"LightLab Imaging, Inc.",,http://www.lightlabimaging.com/,4451,2023-03-05
990,3578,Mallinckrodt,,https://mallinckrodt.com/,4451,2023-03-05
991,3579,Medical Air Technology Ltd,,https://medicalairtechnology.com/?trk=organization-update_share-update_update-text,4451,2023-03-05
992,3580,Medical PM,,https://www.medical-pm.com/en/,4451,2023-03-05
993,3581,MERATIVE,,https://www.merative.com/,4451,2023-03-05
994,3582,Mercian,,https://www.merciansurgical.com/,4451,2023-03-05
995,3583,Nidek Co Ltd,,https://www.nidek-intl.com/,4451,2023-03-05
996,3584,NSK,,https://mynsk.co.uk/,4451,2023-03-05
997,3585,Omega Healthcare,,http://www.omegahealthcare.co.uk/,4451,2023-03-05
998,3586,Paneltex,,https://www.paneltex.co.uk/,4451,2023-03-05
999,3587,PI Medical,,https://www.pi-medical.com/,4451,2023-03-05
1000,3588,Progeny,,https://www.progenymedical.com/,4451,2023-03-05
1001,3589,Radiographic Supplies,,https://www.radiographicsupplies.net/,4451,2023-03-05
1002,3590,SciVision,,https://www.scivisionmedical.com/,4451,2023-03-05
1003,3591,Sedecal,,https://www.sedecal.com/en/,4451,2023-03-05
1004,3592,SONOMED,,https://www.sonomedescalon.com/,4451,2023-03-05
1005,3593,Sonoscape,,https://www.sonoscape.com/,4451,2023-03-05
1006,3594,Spectrum Dynamics Medical,,https://spectrum-dynamics.com/,4451,2023-03-05
1007,3595,Storz Medical UK,,https://www.storzmedical.com/en/,4451,2023-03-05
1008,3596,TAKAGI SEIKO LTD,,https://www.takagi-global.com/jp/,4451,2023-03-05
1009,3597,TOMEY,,http://www.tomey.com/,4451,2023-03-05
1010,3598,ToukanLabs,,https://www.toukanlabs.com/,4451,2023-03-05
1011,3599,Vieworks,,https://vieworks.com/,4451,2023-03-05
1012,3600,Villa Sistemi Medicali,,https://www.villasm.com/,4451,2023-03-05
1013,3601,VIMAP,,https://vimap-medical.org/,4451,2023-03-05
1014,3602,VITACON,,https://www.vitacon.com/,4451,2023-03-05
1015,3603,Wabalogic,,https://www.wabalogic.com/,4451,2023-03-05
1016,3604,BMI Biomedical,,https://www.bmibiomedical.it/,4451,2023-03-05
1017,3605,Capventis,,https://www.capventis.com/,4549,2023-03-17
1018,3606,Fysicon,,https://www.fysicon.com/en/,4549,2023-03-17
1019,3607,BookingLive,,https://www.bookinglive.com/,4681,2023-04-04
1020,3608,Aruba,,https://www.arubanetworks.com/en-gb/,4681,2023-04-04
1021,3609,Asterisk,,https://www.asterisk.org/,4681,2023-04-04
1022,3610,GTT Communications,,https://www.gtt.net/gb-en,4681,2023-04-04
1023,3611,JISC JANET,,https://www.jisc.ac.uk/janet#,4681,2023-04-04
1024,3612,Nasstar,,https://www.nasstar.com/,4681,2023-04-04
1025,3613,Right Digital Solutions,,https://www.rightdigitalsolutions.com/,4681,2023-04-04
1026,3614,Siilo,,https://www.siilo.com/siilo-messenger,4681,2023-04-04
1027,3615,Spirit Health,,https://www.spirit-health.co.uk/,4681,2023-04-04
1028,3616,Teknicor,,https://www.teknicor.com/,4681,2023-04-04
1029,3617,Whitespider,,https://www.whitespider.com/,4681,2023-04-04
1030,3618,Surrey CoIN,,,4681,2023-04-04
1031,3619,FourEyes Insight,,https://www.foureyesinsight.com/,4868,2023-04-28
1032,3620,CFH Docmail Ltd,,https://www.cfh.com/,5080,2023-05-26
1033,3621,Patienteer,,https://www.patienteer.com/,5080,2023-05-26
1034,3622,Imail Comms Ltd,,https://imailcomms.com/,5080,2023-05-26
1035,3623,About Face Solutions,,https://aboutfacesolutions.com/,5080,2023-05-26
1036,3624,Canda Copying Ltd,,https://www.candacopying.co.uk/,5080,2023-05-26
1037,3625,CES Holdings Ltd,,https://www.cesholdings.co.uk/,5080,2023-05-26
1038,3626,NHS Supply Chain,,https://www.supplychain.nhs.uk/,5080,2023-05-26
1039,3627,OKI,,https://www.oki.com/eu/printing/,5080,2023-05-26
1040,3628,Specialist Computer Centre (SCC),,https://www.scc.com/,5080,2023-05-26
1041,3629,Thomas Stoner Supplies,,https://thomasstoner.co.uk/,5080,2023-05-26
1042,3630,DMS Imaging,,https://www.dms.com/en/home/,6458,2023-10-26
1043,3631,Chison,,https://www.chison.com/,5156,2023-06-05
1044,3632,StarLims,,https://www.starlims.com/,5206,2023-06-09
1045,3633,Cruinn Diagnostics,,https://www.cruinndiagnostics.ie/,5206,2023-06-09
1046,3634,Adastra,,https://adastra.digital/,5250,2023-06-14
1047,3635,Cohesity,,https://www.cohesity.com/company/,5250,2023-06-14
1048,3636,Crown Hosting Data Centres,,https://crownhostingdc.co.uk/about/,5250,2023-06-14
1049,3637,McCormickCo Security,,https://www.mccormickcosecurity.co.uk/about,5250,2023-06-14
1050,3638,SmartCo Consulting,,https://www.smart-co.co.uk/,5250,2023-06-14
1051,3639,11:11 Systems,,https://1111systems.com/why-1111/overview/,5312,2023-06-22
1052,3640,Acronis International,,https://www.acronis.com/en-gb/company/,5312,2023-06-22
1053,3641,Advatek,,https://www.advatek.co.uk/about-us/,5312,2023-06-22
1054,3642,ANS Group,,https://www.ans.co.uk/,5312,2023-06-22
1055,3643,Armis,,https://www.armis.com/,5312,2023-06-22
1056,3644,Avosec,,https://avosec.com/,5312,2023-06-22
1057,3645,Barramundi,,https://www.baramundi.com/en-gb/,5312,2023-06-22
1058,3646,Bedrock,,http://www.bedrockdw.co.uk/#,5312,2023-06-22
1059,3647,Capito,,https://www.capito.co.uk/,5312,2023-06-22
1060,3648,Commissum,,https://www.resillion.com/,5312,2023-06-22
1061,3649,DELT Shared Services,,https://deltservices.com/,5312,2023-06-22
1062,3650,East Kent Hospitals,,https://www.ekhuft.nhs.uk/,5312,2023-06-22
1063,3651,GFI Software,,https://www.gfi.com/,5312,2023-06-22
1064,3652,Integrity360,,https://www.integrity360.com/,5312,2023-06-22
1065,3653,ITB Cyber Solutions,,https://it-b.co.uk/,5312,2023-06-22
1066,3654,ITGL,,https://www.itgl.com/,5312,2023-06-22
1067,3655,KCHT Estates,,https://www.kentcht.nhs.uk/,5312,2023-06-22
1068,3656,Mid Mersey Digital Alliance,,https://www.midmerseyda.nhs.uk/,5312,2023-06-22
1069,3657,ORIIUM,,https://www.oriium.com/,5312,2023-06-22
1070,3658,PDQ,,https://www.pdq.com/,5312,2023-06-22
1071,3659,RackSpace,,https://www.rackspace.com/en-gb,5312,2023-06-22
1072,3660,Rapid7,,https://www.rapid7.com/,5312,2023-06-22
1073,3661,RMD UK,,https://www.rmduk.com/,5312,2023-06-22
1074,3662,Transparity,,https://www.transparity.com/,5312,2023-06-22
1075,3663,RealVNC,,https://www.realvnc.com/en/a/,5312,2023-06-22
1076,3664,Wasabi,,https://wasabi.com/,5312,2023-06-22
1077,3665,Zoho,,https://www.zoho.com/,5312,2023-06-22
1078,3666,Northdoor,,https://www.northdoor.co.uk/,5335,2023-06-23
1079,3667,CDS,,https://www.cds.co.uk/,5335,2023-06-23
1080,3668,Catalyst BI,,https://catalyst-bi.co.uk/,5335,2023-06-23
1081,3669,Interworks,,https://interworks.com/,5376,2023-06-28
1082,3670,Darktrace,,https://darktrace.com/,5376,2023-06-28
1083,3671,Equans,,https://www.equans.co.uk/,5376,2023-06-28
1084,3672,Faction Inc,,https://www.factioninc.com/,5376,2023-06-28
1085,3673,Forcepoint,,https://www.forcepoint.com/,5376,2023-06-28
1086,3674,HRP Consultancy,,https://www.hrpconsultancy.com/,5376,2023-06-28
1087,3675,Lumen,,https://www.lumen.com/en-us/home.html,5376,2023-06-28
1088,3676,Mimecast,,https://www.mimecast.com/company/,5376,2023-06-28
1089,3677,Virtus,,https://virtusdatacentres.com/,5376,2023-06-28
1090,3678,Innovate Healthcare Services,,https://www.innovatehs.co.uk/,5376,2023-06-28
1091,3679,Xyla Digital Therapies,,https://xyladigitaltherapies.com/,5376,2023-06-28
1092,3681,Brocade,,https://www.broadcom.com/,5376,2023-06-28
1093,3682,SilverCloud,,https://www.silvercloudhealth.com/uk,5438,2023-07-05
1094,3683,Pendulum IT Ltd,,https://pendulum-it.com/,5438,2023-07-05
1095,3684,Cardiac-services,,https://www.cardiac-services.com/,5438,2023-07-05
1096,3685,Magentus,,https://www.magentus.com/?r=e,5438,2023-07-05
1097,3686,Snowflake,,https://www.snowflake.com/en/,5438,2023-07-05
1098,3687,Pervasive Networks,,https://www.capita.com/,5438,2023-07-05
1099,3688,North PB,,https://north.tech/,5438,2023-07-05
1100,3689,Lansweeper,,https://www.lansweeper.com/,5438,2023-07-05
1101,3690,Juniper,,https://www.junipernetworks.co.uk/partner,5438,2023-07-05
1102,3691,ITPS,,https://www.itps.co.uk/,5438,2023-07-05
1103,3692,ITEC,,https://www.itecgroup.co.uk/,5438,2023-07-05
1104,3693,Cyberguard,,https://www.cyberguardsec.com/,5438,2023-07-05
1105,3694,Cristie Data,,https://www.cristie.co.uk/,5438,2023-07-05
1106,3695,Workmates Core2Cloud,,https://cloudworkmates.com/,5438,2023-07-05
1107,3696,2bm,,https://www.2bm.co.uk/,5438,2023-07-05
1108,3697,Censornet,,https://censornet.com/,5438,2023-07-05
1109,3698,FORMIC,,https://www.formic.com/,5438,2023-07-05
1110,3699,Masimo,,https://www.masimo.co.uk/,5502,2023-07-12
1111,3700,Inhealthcare,,https://www.inhealthcare.co.uk/,5502,2023-07-12
1112,3701,APC,,https://www.apc.com/uk/en/,5502,2023-07-12
1113,3702,CD-DataHouse,,https://www.cd-datahouse.co.uk/,5502,2023-07-12
1114,3703,Future Health Works,,https://uk.msk.ai/,5571,2023-07-20
1115,3704,Luscii,,https://luscii.com/nl/home,6054,2023-09-14
1116,3705,OX Digital Health,,https://www.oxdh.health/,5571,2023-07-20
1117,3706,Newton,,https://www.newtoneurope.com/,5571,2023-07-20
1118,3707,MediBioSense,,https://www.medibiosense.com/,5571,2023-07-20
1119,3708,Accana Supplies,,https://acanasupplies.com/,5619,2023-07-26
1120,3709,Blackpool Council,,https://www.blackpool.gov.uk/Home.aspx,5619,2023-07-26
1121,3710,Cybernet,,https://www.cybernetman.com/,5619,2023-07-26
1122,3711,NEP,,https://nepcloud.nhs.uk/,5619,2023-07-26
1123,3712,Pure Data Centres,,https://puredc.global/,5619,2023-07-26
1124,3713,Quantum,,https://www.quantum.com/,5619,2023-07-26
1125,3714,Wavenet,,https://www.wavenet.co.uk/,5619,2023-07-26
1126,3715,Open Medical,,https://www.openmedical.co.uk/,5688,2023-08-03
1127,3716,Current Health,,https://www.currenthealth.com/,6458,2023-10-26
1128,3717,Cardioscan ltd,,https://uk.cardioscan.co/,6458,2023-10-26
1129,3718,ClickHealth Solution,,http://www.clikhealthsolutions.co.uk/,5799,2023-08-17
1130,3719,Wellola,,https://www.wellola.com/,5799,2023-08-17
1131,3720,Partnering Health Ltd,,https://phlgroup.co.uk/,5799,2023-08-17
1132,3721,Advanced Business Solutions,,https://advancedbusinesssolutions.com/,5799,2023-08-17
1133,3722,Consultant Connect,,https://www.consultantconnect.org.uk/,5799,2023-08-17
1134,3723,Rhapsody,,https://rhapsody.health/,6054,2023-09-14
1135,3724,Dudley Group Foundation Trust (DGFT),,https://www.dgft.nhs.uk/,5799,2023-08-17
1136,3725,PCSpecialist,,https://www.pcspecialist.co.uk/,5799,2023-08-17
1137,3726,Academia,,https://academia.co.uk/,5847,2023-08-23
1138,3727,Bist,,https://www.bist.co.uk/,5847,2023-08-23
1139,3728,Kent and Medway NHS and Social Care Partnership Trust (KMPT),,https://www.kmpt.nhs.uk/,5847,2023-08-23
1140,3729,DataCore,,https://www.datacore.com/,6038,2023-09-13
1141,3730,Elcom,,https://www.elcom.com/,6054,2023-09-14
1142,3731,Aridhia,,https://www.aridhia.com/,6054,2023-09-14
1143,3732,Renaissance Data Solutions,,https://renaissancedatasolutions.com/,6054,2023-09-14
1144,3733,Pacenet,,https://pacenet.co.uk/,6165,2023-09-28
1145,3734,Aura Technology,,https://www.auratechnology.com/,6165,2023-09-28
1146,3735,Parity Medical,,https://www.paritymedical.com/,6165,2023-09-28
1147,3736,Celerity,,https://www.celerity-uk.com/,6284,2023-10-11
1148,3737,CBC,,,6284,2023-10-11
1149,3738,CHoICE,,,6284,2023-10-11
1150,3739,National Pathology Imaging Co-operative (NPIC),,https://npic.ac.uk/,6300,2023-10-12
1151,3740,Atamis,,https://www.atamis.co.uk,6300,2023-10-12
1152,3741,NHS Business Service Authority (NHSBSA),,,6300,2023-10-12
1153,3742,University Hospitals Birmingham NHS Foundation Trust,,https://www.uhb.nhs.uk/,11005,2025-05-08
1154,3743,GHX,,https://www.ghx.com/en/about/,6458,2023-10-26
1155,3744,BMC Software,,https://www.bmc.com/,6458,2023-10-26
1156,3745,Tunstall,,https://www.tunstall.com/,6458,2023-10-26
1157,3746,Nuesoft,,https://www.nuesoft.co.uk/,6458,2023-10-26
1158,3813,InFact,,https://infact.solutions/,6458,2023-10-26
1159,3814,Ashtons,,https://ashtons.com/,6458,2023-10-26
1160,3815,HYCU,,https://www.hycu.com/,6506,2023-11-01
1161,3816,Maple Networks,,https://www.maplenetworks.co.uk/,6506,2023-11-01
1162,3817,"Wrightington, Wigan and Leigh NHS Foundation Trust",,https://www.wwl.nhs.uk/about-us,6619,2023-11-15
1163,3818,Giltbyte,,https://www.giltbyte.com/,6684,2023-11-23
1164,3819,Definition Health,,https://www.definitionhealth.co.uk/,6684,2023-11-23
1165,3820,ESR Connect,,https://www.esrconnect.co.uk/,6684,2023-11-23
1166,3821,Empactis,,https://empactis.com/sectors/nhs/,6684,2023-11-23
1167,3822,Medius,,https://www.medius.com/,6684,2023-11-23
1168,3823,Everbridge,,https://www.everbridge.com/?_gl=1%2Aruytl6%2A_up%2AMQ..#,6732,2023-11-29
1169,3824,Gov.UK Notify,,https://www.notifications.service.gov.uk/,6732,2023-11-29
1170,3825,Health and Social Care Network (HSCN),,https://digital.nhs.uk/services/health-and-social-care-network,6732,2023-11-29
1171,3826,Multitone,,https://www.multitone.com/,6732,2023-11-29
1172,3827,PageOne,,https://www.pageone.co.uk/,6732,2023-11-29
1173,3828,Smye Rumsby,,https://www.smye-rumsby.co.uk/,6732,2023-11-29
1174,3829,Stanley,,,6732,2023-11-29
1175,3830,Mizaic,,https://www.mizaic.com,6797,2023-12-07
1176,3831,NHS Cheshire and Meryseyside ICB,,https://www.cheshireandmerseyside.nhs.uk/,6797,2023-12-07
1177,3832,Ultramed,,https://www.ultramed.co/,6797,2023-12-07
1178,3833,St Helens and Knowsley NHS Foundation Trust,,,6797,2023-12-07
1179,3834,Trac,,https://apps.trac.jobs/,6797,2023-12-07
1180,3835,TrustID,,https://www.trustid.co.uk/,6797,2023-12-07
1181,3836,Microcare Technologies,,https://microcaretechnologies.co.uk/,6797,2023-12-07
1182,3837,NHS Professionals,,https://www.nhsprofessionals.nhs.uk/,6797,2023-12-07
1183,3838,TempRE,,https://auth.miiaccount.com/login?applicationId=15bb8db2-fdf7-47c0-8db7-ae5fabfd580b&redirectUrl=https:%2F%2Ftempre.miiaccount.com%2Flogin%3FreturnUrl%3D&referrerUrl=https:%2F%2Ftempre.miiaccount.com%2F,6797,2023-12-07
1184,3839,Traineasy,,https://www.traineasy.com/,6797,2023-12-07
1185,3840,Adatis,,https://adatis.co.uk/,6858,2023-12-14
1186,3841,Ingencia,,https://www.ingencia.co.uk/,6858,2023-12-14
1187,3842,Health Network Solutions,,https://www.healthnetworksolutions.net/,6858,2023-12-14
1188,3843,North of England Commercial Procurement Collaborative (NOECPC),,https://www.noecpc.nhs.uk/,6899,2023-12-19
1189,3844,Nexthink,,https://www.nexthink.com/,6899,2023-12-19
1190,3845,Health Catalyst,,https://www.healthcatalyst.com/,6899,2023-12-19
1191,3846,Arrow Business Communications,,https://aro.tech/,6899,2023-12-19
1192,3847,Big Blue Door,,https://www.bigbluedoor.net/,6899,2023-12-19
1193,3848,Eye Spy,,,6899,2023-12-19
1194,3849,UKCLoud Ltd,,,6899,2023-12-19
1195,3850,Bravo Solution,,https://public.bravosolution.co.uk/web/login.html,7076,2024-01-12
1196,3851,Assemble,,https://www.goassemble.com/,7076,2024-01-12
1197,3852,Care Opinion,,https://www.careopinion.org.uk/,7076,2024-01-12
1198,3853,Zendesk,,https://www.zendesk.co.uk/,7076,2024-01-12
1199,3854,Doccla,,https://www.doccla.com/,7076,2024-01-12
1200,3855,Lightfoot Solutions,,https://www.lightfootsolutions.com/,7076,2024-01-12
1201,3856,CHKS,,https://www.chks.co.uk/m/icompare,7076,2024-01-12
1202,3857,Excelicare,,https://excelicare.com/,7076,2024-01-12
1203,3858,Wellsky,,https://wellsky.com/,7076,2024-01-12
1204,3859,Advanced Therapeutics,,https://advancedtherapeutics.org.uk/,7117,2024-01-17
1205,3860,Air Liquide,,https://uk.healthcare.airliquide.com/,7117,2024-01-17
1206,3861,AQL,,https://aql.com/,7117,2024-01-17
1207,3862,Blick,,,7117,2024-01-17
1208,3863,Dexcom,,https://www.dexcom.com/en-gb,7117,2024-01-17
1209,3864,Insulet,,https://www.insulet.com/,7117,2024-01-17
1210,3865,Kinetograph,,,7117,2024-01-17
1211,3866,FreeStyle Libre,,https://www.freestyle.abbott/eu-en/,7117,2024-01-17
1212,3867,Ypsomed,,https://www.ypsomed.com/en/,7117,2024-01-17
1213,3868,Meta,,https://about.meta.com/uk/,7117,2024-01-17
1214,3869,Leica Biosystems,,https://www.leicabiosystems.com/en-in/,7181,2024-01-25
1215,3870,Connected4Health,,https://www.connected4health.com/,7181,2024-01-25
1216,3871,Generated Health,,https://generatedhealth.com/,7181,2024-01-25
1217,3872,Neurobox,,https://neurobox.co.uk/,7181,2024-01-25
1218,3873,Radar Healthcare,,https://radarhealthcare.com/,7181,2024-01-25
1219,3874,QHealth,,https://www.qhealth.io/,7181,2024-01-25
1220,3875,Clinic.co,,https://www.clinic.co/,7181,2024-01-25
1221,3876,Cleo Systems,,https://cleosystems.com/,7857,2024-04-18
1222,3877,Feebris,,https://www.feebris.com/,7181,2024-01-25
1223,3878,QuickThink Cloud,,https://quickthinkcloud.com/,7181,2024-01-25
1224,3879,Leicestershire Partnership NHS Trust,,https://www.leicspart.nhs.uk/,7181,2024-01-25
1225,3880,Berkshire Healthcare NHS Foundation Trust,,https://www.berkshirehealthcare.nhs.uk/,7181,2024-01-25
1226,3881,EBO,,https://www.ebo.ai/,7181,2024-01-25
1227,3882,Durham County Council,,https://www.durham.gov.uk/,7229,2024-01-31
1228,3883,Pando,,https://hellopando.com/,7229,2024-01-31
1229,3884,NHS,,https://www.nhs.uk/,7229,2024-01-31
1230,3885,Think learning,,https://www.think-learning.com/,7294,2024-02-08
1231,3886,ITESOFT,,https://www.itesoft.com/,7294,2024-02-08
1232,3887,Sussex Health and Care ICS,,https://www.sussex.ics.nhs.uk/,7294,2024-02-08
1233,3888,Lancashire Procurement Cluster,,https://lancashireprocurement.nhs.uk/,7294,2024-02-08
1234,3889,Salford Royal Hospital NHS Trust,,,7294,2024-02-08
1235,3890,M*Modal,,https://www.3m.co.uk/3M/en_GB/company-uk/,7294,2024-02-08
1236,3891,Iuvo Ltd,,https://www.iuvo.co.uk/,7342,2024-02-14
1237,3892,County Durham and Darlington NHS Foundation Trust,,https://cddft.nhs.uk/,7342,2024-02-14
1238,3893,Indica Labs,,https://indicalab.com/halo/,7342,2024-02-14
1239,3894,Zen,,https://www.zen.co.uk,7342,2024-02-14
1240,3895,Workspot,,https://www.workspot.com/,7342,2024-02-14
1241,3896,Whzan,,https://www.whzan.uk/,11130,2025-05-22
1242,3897,Upstream,,https://www.upstreamworks.com/,7342,2024-02-14
1243,3898,NHS Surrey Heartlands Integrated Care Board,,https://www.surreyheartlands.org/nhs-surrey-heartlands-board/,7342,2024-02-14
1244,3899,Cisco Meraki,,https://meraki.cisco.com/en-uk/,7342,2024-02-14
1245,3900,Maintel,,https://maintel.co.uk/,7342,2024-02-14
1246,3901,Lowenstein,,https://loewensteinmedical.co.uk/,7408,2024-02-22
1247,3902,Biotronik,,https://www.biotronik.com/en-gb,7342,2024-02-14
1248,3904,Alert Cascade,,https://alertcascade.co.uk/,7342,2024-02-14
1249,3905,ResMed,,https://www.resmed.co.uk/,7342,2024-02-14
1250,3906,Goodshape,,https://www.goodshape.com/,7342,2024-02-14
1251,3907,Agilisys,,https://www.agilisys.co.uk/,7408,2024-02-22
1252,3908,Herefordshire and Worcestershire ICB,,https://herefordshireandworcestershire.icb.nhs.uk/,7408,2024-02-22
1253,3909,Chambury Learning Solutions,,https://www.chamburylearning.co.uk/home,7408,2024-02-22
1254,3910,ClimberBI,,https://www.climberbi.co.uk/,7408,2024-02-22
1255,3911,Covergence Group,,https://www.convergencegroup.co.uk/,7456,2024-02-28
1256,3912,Isla,,https://isla.health/,7456,2024-02-28
1257,3913,Numed Healthcare,,https://www.numed.co.uk/,7456,2024-02-28
1258,3914,Polar,,,7456,2024-02-28
1259,3915,Source Medical,,https://www.sourcemed.co.uk/,7456,2024-02-28
1260,3916,Wirefast,,https://wirefast.com/,7456,2024-02-28
1261,3917,iRythm,,https://irhythmtech.co.uk/,7456,2024-02-28
1262,3918,Rumitech,,https://rumitech.co/,7521,2024-03-07
1263,3919,Newcastle Castle Upon Tyne,,https://www.newcastle-hospitals.nhs.uk/,7521,2024-03-07
1264,3920,Hayne Solutions,,https://hayne.co/,7521,2024-03-07
1265,3921,AliveCor,,https://alivecor.com/,7521,2024-03-07
1266,3922,Ciga,,https://www.cigahealthcare.com/,7521,2024-03-07
1267,3923,Essex Partnership University NHS Foundation Trust,,https://eput.nhs.uk/,7521,2024-03-07
1268,3924,Kinetic,,www.kinetikwellbeing.com,7521,2024-03-07
1269,3925,Securitas Technology,,https://www.securitastechnology.com/uk/,7521,2024-03-07
1270,3928,Manx Telecom,,https://www.manxtelecom.com/,7679,2024-03-27
1271,3930,Shetland Islands Council,,https://www.shetland.gov.uk/,7679,2024-03-27
1272,3931,Softcall,,,7679,2024-03-27
1273,3932,Dorset Nursing Supplies,,https://www.dorset-nursing.co.uk/,7792,2024-04-10
1274,3934,Herbert,,https://www.cellnex.com/gb-en/,7792,2024-04-10
1275,3935,Marsden,,https://www.marsden-weighing.co.uk/,7792,2024-04-10
1276,3936,Medisave,,https://www.medisave.co.uk/,7792,2024-04-10
1277,3937,Oxleas NHS Foundation Trust,,https://oxleas.nhs.uk/,7792,2024-04-10
1278,3938,South West London Pathology,,https://www.swlpath.nhs.uk/,7857,2024-04-18
1279,3939,Oleeo,,https://www.oleeo.com/,7857,2024-04-18
1280,3940,ACS,,,7911,2024-04-24
1281,3941,Alertive,,https://alertive.co.uk/,7911,2024-04-24
1282,3942,BlueSky Communications,,,7911,2024-04-24
1283,3943,Class Networks,,https://www.classnetworks.com/,7911,2024-04-24
1284,3944,Clickatell,,https://www.clickatell.com/,7911,2024-04-24
1285,3945,CloudDNA,,https://clouddnagroup.com/,7911,2024-04-24
1286,3946,Crown Commercial Services,,https://www.crowncommercial.gov.uk/,7911,2024-04-24
1287,3947,Eircom,,http://www.eir.ie/,7911,2024-04-24
1288,3948,Fire Text,,https://www.firetext.co.uk/,7911,2024-04-24
1289,3949,Florence,,https://florenceendocrine.com/,7911,2024-04-24
1290,3950,FluidOne,,https://www.fluidone.com/,7911,2024-04-24
1291,3951,Fylde Cost Medical Service,,https://www.fcms-nw.co.uk/,7911,2024-04-24
1292,3952,Mediaburst,,http://www.mediaburst.co.uk,7911,2024-04-24
1293,3953,MyDesmond,,https://www.mydesmond.com/home/,7911,2024-04-24
1294,3954,NEPeSMO,,https://nepesmo.com/,7911,2024-04-24
1295,3955,PSTG,,http://pstg-telecoms.co.uk/,7911,2024-04-24
1296,3956,Sky,,https://business.sky.com/,7911,2024-04-24
1297,3957,Sorin Group,,http://www.livanova.com,7911,2024-04-24
1298,3958,Swissphone,,https://www.swissphone.com/hub/,7911,2024-04-24
1299,3959,Tandem Diabetes,,https://www.tandemdiabetes.com/en-gb/home,7911,2024-04-24
1300,3960,Xirrus,,https://www.cambiumnetworks.com/xirrus/,7911,2024-04-24
1301,3961,Promtly Health,,https://promptlyhealth.com/en,7976,2024-05-02
1302,3962,Proactis,,https://www.proactis.com/uk/,7976,2024-05-02
1303,3963,Ingencia Solutions,,https://ingenicasolutions.co.uk/,7976,2024-05-02
1304,3964,GBE Converge,,https://gbeconverge.com/,8024,2024-05-08
1305,3965,Herefordshire Council,,https://www.herefordshire.gov.uk/,8024,2024-05-08
1306,3966,ARO,,https://aro.tech/,8137,2024-05-22
1307,3967,Splunk,,https://www.splunk.com/,8137,2024-05-22
1308,3968,Gloucestershire Hospitals NHS Foundation Trust,,https://www.gloshospitals.nhs.uk/,8244,2024-06-05
1309,3969,IX Systems,,https://www.ixsystems.com/,8244,2024-06-05
1310,3970,Interoperability Health UK,,,8309,2024-06-13
1311,3971,Somerset NHS Foundation Trust,,https://www.somersetft.nhs.uk/,8309,2024-06-13
1312,3972,Atempo,,https://www.atempo.com/,8357,2024-06-19
1313,3973,Convergence Group,,https://www.convergencegroup.co.uk/,8357,2024-06-19
1314,3974,Druva,,https://www.druva.com/,8357,2024-06-19
1315,3975,Kent Public Service Network,,https://kpsn.net/,8357,2024-06-19
1316,3976,Kroll,,https://www.kroll.com/en,8357,2024-06-19
1317,3977,RedStor,,https://www.redstor.com/,8357,2024-06-19
1318,3978,Premier IT,,https://www.premierit.com/,8422,2024-06-27
1319,3979,101 Datasolutions,,https://101datasolutions.co.uk/,8470,2024-07-03
1320,3980,Agilysis,,https://agilysis.co.uk/,8470,2024-07-03
1321,3981,AWTG,,https://www.awtg.co.uk/,8470,2024-07-03
1322,3982,Ballicom,,https://www.ballicom.co.uk/,8470,2024-07-03
1323,3983,BDR,,https://bdrgroup.co.uk/,8470,2024-07-03
1324,3984,Cyberfort,,https://cyberfortgroup.com/,8470,2024-07-03
1325,3985,Datacentre UK,,https://www.datacentre-uk.com/,8470,2024-07-03
1326,3986,Hornbill,,https://www.hornbill.com/,8470,2024-07-03
1327,3987,Kemp,,https://kemptechnologies.com/,8470,2024-07-03
1328,3988,Liverpool University Hospitals NHS Foundation Trust,,https://www.liverpoolft.nhs.uk/,8470,2024-07-03
1329,3989,MTI Limited,,https://mti.com/,8470,2024-07-03
1330,3990,Neos Networks,,https://neosnetworks.com/,8470,2024-07-03
1331,3991,North Cumbria Integrated Care NHS Foundation Trust,,https://www.ncic.nhs.uk/,8470,2024-07-03
1332,3992,North East Ambulance Service,,https://www.neas.nhs.uk/,8470,2024-07-03
1333,3993,Oxford University Hospitals NHS Foundation Trust,,https://www.ouh.nhs.uk/,8470,2024-07-03
1334,3994,Pentesec,,https://pentesec.com/,8470,2024-07-03
1335,3995,ProofPoint,,https://www.proofpoint.com/uk,8470,2024-07-03
1336,3996,Royal Marsden Hospital,,https://www.royalmarsden.nhs.uk/,8470,2024-07-03
1337,3997,Sapphire,,https://www.sapphire.net/,8470,2024-07-03
1338,3998,Service Express,,https://serviceexpress.com/uk/,8470,2024-07-03
1339,3999,Shropshire Council,,https://www.shropshire.gov.uk/,8470,2024-07-03
1340,4000,SimplifyIT,,https://www.simplifyit.co.uk/,8470,2024-07-03
1341,4001,Tanium,,https://www.tanium.com/,8470,2024-07-03
1342,4002,Trellix,,https://www.trellix.com/,8470,2024-07-03
1343,4003,ScriptBase Software,,http://www.scriptbase.co.uk/,8752,2024-08-08
1344,4004,Oncology Data Systems Inc,,https://mucheck.com/odshome/,8752,2024-08-08
1345,4005,Patchwork,,https://patchwork.health/,8752,2024-08-08
1346,4006,The Oak Group,,https://www.oak.group/,8752,2024-08-08
1347,4007,Signum-Health Ltd,,https://www.signumology.com/,8865,2024-08-22
1348,4008,HelloSelf,,https://www.helloself.com/,9014,2024-09-12
1349,4009,Holmusk,,https://www.holmusk.com/,9014,2024-09-12
1350,4010,Thinkshield Ltd,,https://thinkshield.com/,9014,2024-09-12
1351,4011,Bluewire Technologies Ltd,,,9014,2024-09-12
1352,4012,iTS Computing,,https://its-computing.co.uk/,9121,2024-09-26
1353,4013,Thriiver,,https://thriiver.co.uk/,9121,2024-09-26
1354,4014,Critico,,https://criticogroup.com/,9175,2024-10-02
1355,4015,Ortus,,https://www.theortusgroup.com/,9175,2024-10-02
1356,4016,Recognosco,,https://recognosco.com/,9485,2024-11-07
1357,4017,Solventum,,https://www.solventum.com/en-gb/home/,9597,2024-11-21
1358,4018,Ladybird Communications,,https://www.ladybirdweb.com/,9645,2024-11-27
1359,4019,Working Academy Limited,,,9793,2024-12-16
1360,4020,Frank Design,,https://frankltd.co.uk/,9816,2024-12-18
1361,4021,PDA,,,9816,2024-12-18
1362,4023,Swansea Bay University Health Board,,https://sbuhb.nhs.wales/,9979,2025-01-09
1363,4024,Alemba,,https://alemba.com/,9979,2025-01-09
1364,4025,HMA,,https://www.hidemyass.com/en-gb/index,9979,2025-01-09
1365,4026,North London Foundation Trust,,https://www.northlondonmentalhealth.nhs.uk/,9979,2025-01-09
1366,4027,Pi Hut,,https://thepihut.com/,9979,2025-01-09
1367,4028,Service Now,,https://www.servicenow.com/uk/,9979,2025-01-09
1368,4029,VerseOne,,https://www.verseone.com/,9979,2025-01-09
1369,4030,123 Reg,,https://www.123-reg.co.uk/,10027,2025-01-15
1370,4031,Weconnect,,https://www.weconnect.tech/,10027,2025-01-15
1371,4032,Derbyshire Support & Facilities Services Limited (DSFS),,https://dsfs-ltd.co.uk/,10027,2025-01-15
1372,4033,Marval,,https://marvalglobal.com/,10027,2025-01-15
1373,4034,Torchbox,,https://torchbox.com/,10027,2025-01-15
1374,4036,Mixd,,https://www.mixd.co.uk/,10027,2025-01-15
1375,4037,UnitedHealth,,https://www.unitedhealthgroup.com/,10095,2025-01-23
1376,4038,Text Help,,https://www.texthelp.com/en-gb/,10095,2025-01-23
1377,4039,Denso,,,10152,2025-01-29
1378,4040,Digital Brand Design,,https://www.digitalbranddesign.co.uk/,10152,2025-01-29
1379,4041,eUKhost,,https://www.eukhost.com/,10152,2025-01-29
1380,4042,evoMark,,https://evomark.co.uk/,10152,2025-01-29
1381,4043,Freshworks,,https://www.freshworks.com/,10152,2025-01-29
1382,4044,HaloITSM,,https://haloitsm.com/,10152,2025-01-29
1383,4045,Irdis Ltd,,http://irdis.co.uk/,10152,2025-01-29
1384,4046,JLC,,https://www.jlcdistribution.co.uk/,10152,2025-01-29
1385,4047,Krystal,,https://krystal.io/,10152,2025-01-29
1386,4048,MakeDo,,https://www.makedo.net/,10152,2025-01-29
1387,4049,Practically.io,,https://practically.io/,10152,2025-01-29
1388,4050,Information Lab,,https://www.theinformationlab.co.uk/,10217,2025-02-06
1389,4051,Redgate,,https://www.red-gate.com/,10217,2025-02-06
1390,4052,Asckey Data Service Limited,,https://www.asckey.com/,10265,2025-02-12
1391,4053,Cube Creative,,https://cubecreative.design/,10265,2025-02-12
1392,4054,Digitalogy,,https://digitalogy.agency/,10265,2025-02-12
1393,4055,Intel,,https://www.intel.com/,10265,2025-02-12
1394,4056,Interact,,https://www.interactsoftware.com/,10265,2025-02-12
1395,4057,Mentor,,https://mentorsoftware.co.uk/,10265,2025-02-12
1396,4058,Prodo,,https://www.prodo.com/,10265,2025-02-12
1397,4059,Squarespace,,https://www.squarespace.com/,10265,2025-02-12
1398,4060,Sunrise,,https://www.sunrisesoftware.com/,10265,2025-02-12
1399,4061,Thinkology,,https://www.thinkology.co.uk/,10265,2025-02-12
1400,4062,TOPdesk,,https://www.topdesk.com/,10265,2025-02-12
1401,4063,X-Net,,https://www.x-net.co.uk/,10265,2025-02-12
1402,4064,iplato,,https://www.iplato.com/,10330,2025-02-20
1403,4065,Alloy Software,,https://www.alloysoftware.com/,10378,2025-02-26
1404,4066,Constellia,,https://www.constellia.com/,10378,2025-02-26
1405,4067,Hosting UK,,https://hostinguk.net/,10378,2025-02-26
1406,4068,Kameleon,,https://www.kameleonagency.com/,10378,2025-02-26
1407,4069,Midlands Networks,,https://midlandnetworks.co.uk/,10378,2025-02-26
1408,4070,NHS Greater Glasgow,,https://www.nhsggc.scot/,10378,2025-02-26
1409,4071,Richmond System,,https://richdesk.co.uk/,10378,2025-02-26
1410,4072,Zerto,,https://www.zerto.com/,10378,2025-02-26
1411,4073,Totalmobile,,https://www.totalmobile.co.uk/,10459,2025-03-06
1412,4074,Oasis Group,,https://www.oasisgroup.com/,10459,2025-03-06
1413,4075,PAM Group,,https://www.pamgroup.co.uk/,10459,2025-03-06
1414,4076,Cority,,https://www.cority.com/,10514,2025-03-13
1415,4077,Totara Learning,,https://www.totara.com/,10514,2025-03-13
1416,4078,IBSS,,https://www.ibsoftwaresolutions.com/,10514,2025-03-13
1417,4079,Patient Pass,,https://www.patientpass.co.uk/,10569,2025-03-20
1418,4080,FirstServ,,https://firstserv.com/,10603,2025-03-24
1419,4081,Sysaid,,https://www.sysaid.com/,10603,2025-03-24
1420,4082,Workvivo,,https://www.workvivo.com/,10603,2025-03-24
1421,4083,WP Engine,,https://wpengine.com/gb/,10603,2025-03-24
1422,4084,Psyomics,,https://www.psyomics.com/,10682,2025-04-03
1423,4085,Litmus Workforce Solutions,,https://www.litmus-solutions.com/,10682,2025-04-03
1424,4086,Bluehost,,https://www.bluehost.com/,10730,2025-04-09
1425,4087,House on the Hill,,https://houseonthehill.com/,10730,2025-04-09
1426,4088,Infused Media,,https://www.infusedmedia.co.uk/,10730,2025-04-09
1427,4089,iService,,https://iservicesolutions.co.uk/,10730,2025-04-09
1428,4090,Siteground,,https://www.siteground.co.uk/,10730,2025-04-09
1429,4091,Biorad,,https://www.bio-rad.com/,10746,2025-04-10
1430,4092,4me,,https://www.xurrent.com/,10843,2025-04-23
1431,4093,Atlassian,,https://www.atlassian.com/,10843,2025-04-23
1432,4094,Flint Studios,,https://flintstudios.co.uk/,10843,2025-04-23
1433,4095,Kualo,,https://www.kualo.co.uk/,10843,2025-04-23
1434,4096,Royal Devon University Healthcare NHS Foundation Trust,,https://www.royaldevon.nhs.uk/,10843,2025-04-23
1435,4097,See Green Systems,,https://www.seegreen.uk/,10843,2025-04-23
1436,4098,Illumit,,https://illumit.co.uk/,10907,2025-04-30
1437,4099,AdviseInc,,https://adviseinc.co.uk/,10923,2025-05-01
1438,4100,Mersey and West Lancashire Teaching Hospitals NHS Trust,,https://www.merseywestlancs.nhs.uk/,10923,2025-05-01
1439,4101,Congenica,,https://www.congenica.com/,10923,2025-05-01
1440,4102,SOPHiA Genetics,,https://www.sophiagenetics.com/,10923,2025-05-01
1441,4103,Agilico,,https://www.agilico.co.uk/,10923,2025-05-01
1442,4104,BioView,,https://bioview.com/,10923,2025-05-01
1443,4105,Bionano Genomics,,https://bionano.com/,10923,2025-05-01
1444,4106,Ardens Healthcare,,https://ardens.org.uk/,10964,2025-05-06
1445,4107,NHS North East London ICB,,https://northeastlondon.icb.nhs.uk/,10964,2025-05-06
1446,4108,Omnissa,,https://www.omnissa.com/,10989,2025-05-07
1447,4109,Strawberry Global technology,,https://www.strawberrygt.com/,10989,2025-05-07
1448,4110,TET Ltd,,https://tet.co.uk/,10989,2025-05-07
1449,4111,Dosium,,https://www.dosium.com/,11005,2025-05-08
1450,4112,Huma,,https://www.huma.com/,11053,2025-05-14
1451,4113,Silicon Practice Digital Health Solutions,,https://siliconpractice.co.uk/,11053,2025-05-14
1452,4114,RSM,,https://www.rsmuk.com/,11053,2025-05-14
1453,4115,Blinx Healthcare,,https://www.blinxhealthcare.com/,11053,2025-05-14
1454,4116,Sirona Care and Health,,https://sirona-cic.org.uk/,11053,2025-05-14
1455,4117,Posit,,posit.co,11053,2025-05-14
1456,4118,University Hospitals of Derby and Burton NHS Foundation Trust,,https://www.uhdb.nhs.uk/,11066,2025-05-15
1457,4119,SARD,,https://sardjv.co.uk/,11066,2025-05-15
1458,4120,eConsult Health Limited,,https://econsult.net/,11066,2025-05-15
1459,4121,Anima Health,,https://www.animahealth.com/,11066,2025-05-15
1460,4122,DXS,,https://www.dxs-systems.co.uk/index.php,11066,2025-05-15
1461,4123,Xyla Services,,https://xylaservices.com/,11066,2025-05-15
1462,4124,Johns Hopkins HealthCare Solutions,,https://www.johnshopkinssolutions.com/,11066,2025-05-15
1463,4125,Evergreen Life,,https://www.evergreen-life.co.uk/,11066,2025-05-15
1464,4126,Matillion,,https://www.matillion.com/,11066,2025-05-15
1465,4127,DataRobot,,https://www.datarobot.com/,11066,2025-05-15
1466,4128,AireLogic,,https://www.airelogic.com/,11066,2025-05-15
1467,4129,South Central & West Commissioning Support Unit,,https://www.scwcsu.nhs.uk/,11066,2025-05-15
1468,4130,Facts and Dimensions Ltd,,https://factsanddimensions.co.uk/home,11066,2025-05-15
1469,4131,Okta,,https://www.okta.com/,11066,2025-05-15
1470,4132,Virtually Healthcare,,https://virtually.healthcare/,11066,2025-05-15
1471,4133,Esri UK,,https://www.esriuk.com/en-gb/home,11066,2025-05-15
1472,4134,TravelTime,,https://traveltime.com/,11066,2025-05-15
1473,4136,NHS North East London,,https://northeastlondon.icb.nhs.uk/,11066,2025-05-15
1474,4137,Black Pear Software,,https://blackpear.com/,11066,2025-05-15
1475,4138,Prescribing Services,,https://www.prescribingservices.org/,11066,2025-05-15
1476,4139,The Business Supplies Group,,https://www.tbsg.co.uk/,11114,2025-05-21
1477,4140,Conosco,,https://conosco.com/,11114,2025-05-21
1478,4141,West Coast,,https://www.westcoast.co.uk/,11114,2025-05-21
1479,4142,PEAC Solutions,,https://peacsolutions.co.uk/,11114,2025-05-21
1480,4143,Uniflow,,www.uniflow.global,11114,2025-05-21
1481,4144,Community Pharmacy West Yorkshire,,https://www.cpwy.org/,11130,2025-05-22
1482,4145,Patchs Health,,https://hub.patchs.ai/?utm_source=patchs&utm_content=hh-navbar,11130,2025-05-22
1483,4146,Interweave,,https://interweavedigital.com/,11130,2025-05-22
1484,4147,Mediktor,,https://www.mediktor.com/en-us/company,11130,2025-05-22
1485,4148,Camascope,,https://www.camascope.org/,11130,2025-05-22
1486,4154,Centreon,,https://www.centreon.com/,11185,2025-05-29
1487,4155,Core to Cloud,,https://www.coretocloud.co.uk/,11185,2025-05-29
1488,4156,Person Centred Software,,https://personcentredsoftware.com/,11185,2025-05-29
1489,4157,Zabbix,,https://www.zabbix.com/,11185,2025-05-29
1490,4158,Tractivity,,https://www.tractivity.co.uk/,11185,2025-05-29
1491,4159,CoreStream,,https://corp.corestream.com/our-story,11185,2025-05-29
1492,4160,Plantir,,https://www.palantir.com/platforms/foundry/dynamic-scheduling/,11300,2025-06-12
1493,4161,Assuric UK,,https://www.assuric.com/,11300,2025-06-12
1494,4162,Document Attached,,,11300,2025-06-12
1495,4163,Bechtle,,https://www.bechtle.com/gb,11348,2025-06-18
1496,4164,Forescout,,https://www.forescout.com/,11348,2025-06-18
1497,4165,United Lincolnshire Teaching Hospitals NHS Trust,,https://www.ulh.nhs.uk/,11348,2025-06-18
1498,4166,KS-Soft,,https://www.ks-soft.net/,11348,2025-06-18
1499,4167,Everlight Radiology,,https://www.everlightradiology.com/en-gb/,11426,2025-06-27
1500,4168,Cinapsis,,https://www.cinapsis.org/,11426,2025-06-27
1501,4169,MyQ,,https://www.myq-solution.com/,11467,2025-07-02
1502,4170,Nagios,,https://www.nagios.org/,11467,2025-07-02
1503,4171,Ringdale,,https://ringdale.com/,11467,2025-07-02
1504,4172,Tungsten,,https://www.tungstenautomation.com/,11467,2025-07-02
1505,4173,MIS Emergency,,https://www.mis-es.com/,11544,2025-07-10
1506,4174,Terrafix,,https://terrafix.co.uk/,11544,2025-07-10
1507,4175,Cleric,,https://cleric.co.uk/,11544,2025-07-10
1508,4176,Department of Health and Social Care,,https://www.gov.uk/government/organisations/department-of-health-and-social-care,11544,2025-07-10
1509,4177,Lancashire Teaching Hospitals NHS Foundation Trust,,https://www.lancsteachinghospitals.nhs.uk/,11544,2025-07-10
1510,4178,Ingenica,,https://ingenicasolutions.co.uk/,11544,2025-07-10
1511,4179,Chevin Fleet,,https://www.chevinfleet.com/,11544,2025-07-10
1512,4180,Differentia Consulting Ltd,,https://www.differentia.consulting/,11544,2025-07-10
1513,4181,Anaplan,,https://www.anaplan.com/,11544,2025-07-10
1514,4182,TSM,,https://www.tsmconsulting.uk/,11544,2025-07-10
1515,4183,Jaama,,https://www.jaama.com/,11544,2025-07-10
1516,4184,Churchill Group,,https://www.churchillservices.com/,11544,2025-07-10
1517,4185,One Beyond Ltd,,,11544,2025-07-10
1518,4186,Frequentis,,https://www.frequentis.com/en,11544,2025-07-10
1519,4187,Daisy Telecommunications,,https://daisygroup.co.uk/,11544,2025-07-10
1520,4188,Quantium Health,,https://quantium.com/health/,11544,2025-07-10
1521,4189,Ortivus,,https://ortivus.com/,11544,2025-07-10
1522,4190,Maple Technologies,,https://www.mapletech.co.uk/,11592,2025-07-16
1523,4191,Zscaler,,https://www.zscaler.com/,11592,2025-07-16
1524,4192,ESO,,https://www.eso.com/,11614,2025-07-17
1525,4193,Abloy,,https://www.abloy.com/global/en-us,11614,2025-07-17
1526,4194,Fournet,,https://fournet.co.uk/,11614,2025-07-17
1527,4195,Cirros,,https://www.cirros.net/,11717,2025-07-30
1528,4196,NHS Cyber Security Operations Centre (CSOC),,https://digital.nhs.uk/cyber-and-data-security/services/cyber-security-operations-centre-csoc,11717,2025-07-30
1529,4197,Verto,,https://vertocloud.co.uk/,11898,2025-08-21
1530,4198,2T Solutions,,https://www.2t-solutions.co.uk/,11898,2025-08-21
1531,4199,Phew,,https://www.phew.org.uk/,11937,2025-08-27
1532,4200,Hexagon,,https://hexagon.com/industries/healthcare-life-sciences,12012,2025-09-04
1533,4201,CheckMK,,https://checkmk.com/,12060,2025-09-10
1534,4202,Collector Set Printers,,https://www.csp.co.uk/,12060,2025-09-10
1535,4203,Icinga,,https://icinga.com/,12060,2025-09-10
1536,4204,Parrallels,,www.parallels.com,12060,2025-09-10
1537,4205,Streets Heaver,,https://www.streets-heaver.com/compucare/,12060,2025-09-10
1538,4206,We Are Sync,,https://www.wearesync.co.uk/,12060,2025-09-10
1539,4207,Panacea Group,,https://www.panaceagroup.co.uk/,12060,2025-09-10
1540,4208,Prime Networks,,https://www.prime-networks.co.uk/,12060,2025-09-10
1541,4209,Brightlink,,https://www.brightlinktech.com/,12060,2025-09-10
1542,4210,Vanguard Healthcare Solutions,,https://www.vanguardhealthcare.co.uk/,12060,2025-09-10
1543,4211,Chrysalis Finance,,https://chrysalisfinance.co.uk/,12060,2025-09-10
1544,4212,Rivendale,,http://www.rivendale.ie/index.htm,12060,2025-09-10
1545,4213,Revvity,,https://www.revvity.com/gb-en,12152,2025-09-18
1546,4214,Tactuum,,https://www.tactuum.com/,12152,2025-09-18
1547,4215,HDM Data,,https://www.hdmdata.com/,12152,2025-09-18
1548,4216,Tangenit,,https://www.tangenit.com/,12152,2025-09-18
1549,4217,Quantexa,,https://www.quantexa.com/,12193,2025-09-23
1550,4218,Alteryx,,https://www.alteryx.com/,12325,2025-10-08
1551,4219,Cool Spirit,,https://www.coolspirit.co.uk/,12325,2025-10-08
1552,4220,University Hospitals of Morecambe Bay NHS Foundation Trust,,,12396,2025-10-16
1553,4221,NG-IT Ltd,,https://ng-it.co.uk/,12444,2025-10-22
1554,4222,Text Anywhere,,https://www.textanywhere.com/,12444,2025-10-22
1555,4223,Bestway Healthcare,,https://bestwayhealthcaresolutions.co.uk/,12460,2025-10-23
1556,4224,Noveva Software,,https://novevasoftwaregroup.com/,12515,2025-10-30
1557,4225,Dajon,,https://www.dajon.co.uk/,12563,2025-11-05
1558,4226,Infobip,,https://www.infobip.com/,12563,2025-11-05
1559,4227,MariaDB,,https://mariadb.org/,12563,2025-11-05
1560,4228,Schneider Electric,,https://www.se.com/,12563,2025-11-05
1561,4229,Digpacks,,https://www.digpacks.co.uk/,12586,2025-11-07
1562,4230,Telefonica Tech,,https://telefonicatech.uk/,12586,2025-11-07
1563,4231,Bundledocs,,https://www.bundledocs.com/,12683,2025-11-20
1564,4232,Harbor Solutions,,https://harborsolutions.com/,12683,2025-11-20
1565,4233,Health Education and Improvement Wales (HEIW,,https://heiw.nhs.wales/,12683,2025-11-20
1566,4234,Intensive Care National Audit and Research Centre (ICNARC),,https://www.icnarc.org/,12683,2025-11-20
1567,4235,ninjaOne,,https://www.ninjaone.com/,12683,2025-11-20
1568,4236,Now Signage,,https://www.nowsignage.com/,12683,2025-11-20
1569,4237,Nuvoli,,https://www.nuvoli.net/,12683,2025-11-20
1570,4238,Taidoc,,https://taidoc.com/,12683,2025-11-20
1571,4239,Yealink,,https://www.yealink.com/en,12683,2025-11-20
1572,4240,Doc Abode Ltd,,https://docabode.com/,12699,2025-11-21
1573,4241,Bramble Hub,,https://www.bramblehub.co.uk/,12792,2025-12-03
1574,4242,Livi,,https://www.livi.co.uk/,12792,2025-12-03
1575,4243,Simply Book,,https://simplybook.me/,12792,2025-12-03
1576,4244,Liaison,,https://liaisongroup.com/,12821,2025-12-05
1577,4245,Cepheid,,https://www.cepheid.com/,12862,2025-12-10
1578,4246,GlucoRx,,https://www.glucorx.co.uk/,12862,2025-12-10
1579,4247,my life Diabetes care,,www.mylife-diabetescare.com,12862,2025-12-10
1580,4248,Novo Nordisk,,https://www.novonordisk.com/,12862,2025-12-10
1581,4249,CIGA Healthcare Ltd,,https://www.omnipod.com/,12862,2025-12-10
1582,4250,IEM,,https://www.iem.de/,12920,2025-12-17
1583,4251,QuickSMS,,https://www.quicksms.com/,12920,2025-12-17
1584,4252,MedCurrent,,https://www.medcurrent.com/,12936,2025-12-18
1585,4253,CAE Technology,,https://www.thisiscae.com/,13150,2026-01-16
1586,4254,Royal Berkshire NHS Foundation Trust,,https://www.royalberkshire.nhs.uk/,13191,2026-01-21
1587,4255,Wandsworth Healthcare,,https://www.wandsworthhealthcare.com/,13191,2026-01-21
1588,4256,Heidi Health,,https://www.heidihealth.com/en-gb,13214,2026-01-23
1589,4257,Homelink Healthcare,,https://homelinkhealthcare.co.uk/,13262,2026-01-29
1590,4258,NHS Federated Data Platform,,https://digital.nhs.uk/services/federated-data-platform,13262,2026-01-29
1591,4259,Tortus,,https://tortus.ai/,13262,2026-01-29
1592,4260,Akrivia Health,,https://akriviahealth.com/,13310,2026-02-04
1593,4261,Axonius,,https://www.axonius.com/,13310,2026-02-04
1594,4262,Beacon Medical Systems,,https://beaconmedicalservices.co.uk/,13310,2026-02-04
1595,4263,KROME,,https://www.krome.co.uk/,13310,2026-02-04
1596,4264,Avenue 3,,https://avenue3.com/,13439,2026-02-18
1597,4265,Firetext,,https://www.firetext.co.uk/,13439,2026-02-18
1598,4266,MyRecovery,,https://www.myrecovery.com/,13439,2026-02-18
1599,4267,Soprano,,https://www.sopranodesign.com/,13439,2026-02-18
1600,4268,TechnologyOne,,https://www.technology1.co.uk/,13439,2026-02-18
1601,4269,LyreBird,,https://www.lyrebirdhealth.com/uk,13457,2026-02-19
1602,4270,Founda Health,,https://www.foundahealth.com/,13457,2026-02-19
1603,4271,Kohler,,https://www.ups.rehlko.co.uk/,13560,2026-03-04
1604,4272,Tendable,,https://www.tendable.com/?r=0,13626,2026-03-12
1605,4273,OC&C Strategy Consultants,,https://www.occstrategy.com/en/,13626,2026-03-12
1606,4274,Crowdstrike,,https://www.crowdstrike.com/,13674,2026-03-18
1607,4275,Cyberlab,,https://cyberlab.co.uk/,13674,2026-03-18
1608,4276,Socura,,https://socura.co.uk/,13674,2026-03-18
1609,4277,Mediwave Digital,,https://www.mediwavedigital.com/,13690,2026-03-19
1610,4278,SEP2,,https://www.sep2.security/,13793,2026-04-01
1611,4279,Harlow Printing,,https://harlowsolutions.co.uk/,13793,2026-04-01
1612,4280,MetaCompliance,,https://www.metacompliance.com/,13793,2026-04-01
1613,4281,Networks Unlimited,,https://www.nultd.nu/,13793,2026-04-01
1614,4282,blueFISH Intelligence,,https://bluefishintelligence.com/,13816,2026-04-03
1615,4283,Riviam,,https://www.riviam.com/,13816,2026-04-03
1616,4284,NHS Blood and Transplant (NHSBT),,https://www.nhsbt.nhs.uk/,13867,2026-04-09
1617,4285,Conscia,,https://conscia.com/,13915,2026-04-15
1618,4286,Full Proxy,,https://www.fullproxy.com/,13915,2026-04-15
1619,4287,ITogether,,https://www.itogether.com/,13915,2026-04-15
1620,4288,DataPro Connect,,https://www.dataproconnect.co.uk/,13938,2026-04-17
1621,4289,Cerecore,,https://cerecoreinternational.net/,13965,2026-04-20
1622,4290,Tieva,,https://tieva.co.uk/,13999,2026-04-24
1623,4291,Brookcourt Solutions,,https://www.brookcourtsolutions.com/,13999,2026-04-24
1624,4292,Cybersel UK,,https://cybersel.eu/,13999,2026-04-24
1625,4293,One Identity,,https://www.oneidentity.com/,13999,2026-04-24
1626,4294,Opus Building Services,,https://opusbuildingservices.co.uk/,13999,2026-04-24
1627,4295,Qualys,,https://www.qualys.com/,13999,2026-04-24
1628,4296,Symless,,https://symless.com/,13999,2026-04-24
1629,4297,Loop1 UK,,https://www.loop1.com/,14088,2026-05-05
1630,4298,Rootshell,,https://www.rootshellsecurity.net/,14088,2026-05-05
1631,4299,vCreate,,https://www.vcreate.tv,14160,2026-05-14
1632,4300,ThermoFisher,,https://www.thermofisher.com/uk/en/home.html,14160,2026-05-14
1633,4301,DNAnexus,,https://www.dnanexus.com/,14209,2026-05-21
1634,4302,H3C,,https://www.h3c.com/en/,14304,2026-06-03
1635,4303,Hunter Healthcare,,https://hunter-healthcare.com/,14333,2026-06-05
1636,4304,Wilde and Betts Agency,,https://wabalogic.com/,14391,2026-06-11
1637,4305,St George's University Hospitals NHS Foundation Trust,,https://www.stgeorges.nhs.uk/,14391,2026-06-11
1638,4306,Anathem,,https://anathem.ai/,14635,2026-07-09
1639,4307,Integrated Care Board (ICB),,,14635,2026-07-09
1640,4308,Converge Technology Solutions,,https://www.convergetp.co.uk/who-we-are/how-we-work/,14738,2026-07-22
1641,4309,G Network,,https://www.g.network/,14860,2026-08-05
1642,4310,Vorboss,,https://vorboss.com/,14860,2026-08-05
1643,4311,Databricks,,https://www.databricks.com/,14976,2026-08-19
1644,4312,Panzura,,https://go.panzura.com/,14976,2026-08-19
1645,4313,XWave,,https://www.xwave.ie/,14992,2026-08-20
